Date,Precipitation,Temperature,Wind,Humidity,Crops,Moisture
1/1/2016,1.1,19.79,,62.72,Boro,0.62
1/2/2016,1.5,19.82,1.43,62.41,Boro,0.62
1/3/2016,0.0,19.79,1.14,124.8967786,Boro,0.62
1/4/2016,1.6,19.8,1.2,59.85,Boro,0.61
1/5/2016,0.0,19.79,1.1,57.25,Boro,0.61
1/6/2016,0.0,19.68,1.32,59.62,Boro,0.6
1/7/2016,0.01,19.86,,59.83,Boro,0.6
1/8/2016,0.02,20.32,1.23,62.36,Boro,0.59
1/9/2016,0.02,20.73,1.36,73.93,Boro,0.59
1/10/2016,0.1,21.4,0.73,68.14,Boro,0.59
1/11/2016,0.01,19.58,,57.37,Boro,0.59
1/12/2016,0.0,19.52,1.32,53.21,Boro,0.59
1/13/2016,0.0,20.02,0.89,55.0,Boro,0.59
1/14/2016,0.0,20.02,1.28,57.07,Boro,0.58
1/15/2016,0.0,20.64,1.33,56.79,Boro,0.58
1/16/2016,0.01,21.31,0.88,64.18,Boro,0.57
1/17/2016,0.3,21.14,1.15,61.44,Boro,0.57
1/18/2016,0.0,20.49,1.4,53.88,Boro,0.57
1/19/2016,0.0,21.4,,57.92,Boro,0.56
1/20/2016,0.08,21.91,,65.73,Boro,0.56
1/21/2016,2.15,18.44,,83.18,Boro,0.55
1/22/2016,0.13,17.75,,60.28,Boro,0.55
1/23/2016,0.0,17.64,,56.7,Boro,0.55
1/24/2016,0.0,16.8,,52.31,Boro,0.55
1/25/2016,0.0,17.62,,46.36,Boro,0.55
1/26/2016,0.0,18.45,,48.64,Boro,0.55
1/27/2016,0.04,19.28,,62.01,Boro,0.54
1/28/2016,0.03,20.71,5.580936283,75.42,Boro,0.54
1/29/2016,0.0,21.92,0.76,63.67,Boro,0.54
1/30/2016,0.0,21.05,1.26,55.72,Boro,0.53
1/31/2016,0.0,22.39,1.15,67.24,Boro,0.53
2/1/2016,0.03,22.88,1.11,68.35,Boro,0.53
2/2/2016,0.01,23.43,1.02,62.82,Boro,0.52
2/3/2016,0.0,23.16,0.85,58.98,Boro,0.52
2/4/2016,0.0,21.78,1.64,58.14,Boro,0.52
2/5/2016,0.0,21.03,1.77,49.27,Boro,0.52
2/6/2016,0.0,21.79,1.12,47.86,Boro,0.51
2/7/2016,0.0,22.34,1.0,54.83,Boro,0.51
2/8/2016,0.0,22.45,1.63,67.51,Boro,0.51
2/9/2016,1.04,23.19,4.698788376,73.2,Boro,0.5
2/10/2016,0.05,23.43,1.63,68.51,Boro,0.5
2/11/2016,0.01,23.82,2.03,66.15,Boro,0.49
2/12/2016,1.19,24.38,2.75,76.68,Boro,0.49
2/13/2016,0.27,24.46,1.25,66.29,Boro,0.49
2/14/2016,0.02,24.96,1.5,65.71,Boro,0.49
2/15/2016,2.3,26.12,1.04,59.02,Boro,0.48
2/16/2016,0.05,26.67,1.12,49.6,Boro,0.48
2/17/2016,2.0,27.04,1.29,52.71,Boro,0.48
2/18/2016,3.0,27.32,1.27,57.37,Boro,0.48
2/19/2016,1.0,27.1,2.64,62.62,Boro,0.48
2/20/2016,,27.37,2.62,63.15,Boro,0.47
2/21/2016,2.0,27.64,2.95,67.49,Boro,0.47
2/22/2016,1.78,27.86,2.15,68.7,Boro,0.47
2/23/2016,1.12,27.1,2.15,71.34,Boro,0.46
2/24/2016,26.68,26.13,2.52,75.51,Boro,0.48
2/25/2016,37.44,24.83,1.19,80.27,Boro,0.5
2/26/2016,5.13,24.99,1.19,71.78,Boro,0.5
2/27/2016,0.76,24.89,1.28,67.84,Boro,0.5
2/28/2016,0.0,14.07919314,1.27,67.56,Boro,0.5
2/29/2016,0.02,11.10035932,1.58,65.0,Boro,0.49
3/1/2016,0.01,26.18,1.75,61.71,Aus,0.49
3/2/2016,0.01,26.22,1.7,64.64,Aus,0.48
3/3/2016,0.0,26.31,1.95,59.98,Aus,0.48
3/4/2016,0.01,26.44,,63.3,Aus,0.48
3/5/2016,0.01,27.0,1.79,63.61,Aus,0.48
3/6/2016,0.01,27.7,1.47,60.76,Aus,0.47
3/7/2016,0.24,27.75,1.39,57.55,Aus,0.47
3/8/2016,,27.72,,61.33,Aus,0.47
3/9/2016,,27.97,5.1,61.85,Aus,0.46
3/10/2016,2.0,28.43,,62.24,Aus,0.46
3/11/2016,2.0,28.31,,63.36,Aus,0.45
3/12/2016,0.01,27.65,,65.94,Aus,0.45
3/13/2016,0.01,28.79,,61.36,Aus,0.45
3/14/2016,,27.98,,53.56,Aus,0.45
3/15/2016,,27.32,,53.49,Aus,0.45
3/16/2016,0.16,27.79,,62.38,Aus,0.45
3/17/2016,0.63,28.22,,60.71,Aus,0.44
3/18/2016,0.15,27.79,,62.91,Aus,0.44
3/19/2016,3.43,27.9,,69.31,Aus,0.43
3/20/2016,6.86,28.33,,72.48,Aus,0.44
3/21/2016,9.26,28.7,2.94,71.29,Aus,0.46
3/22/2016,4.56,28.81,,69.45,Aus,0.48
3/23/2016,0.5,28.7,2.35,68.31,Aus,0.48
3/24/2016,0.08,28.41,,57.62,Aus,0.48
3/25/2016,0.0,28.61,2.11,56.13,Aus,0.47
3/26/2016,0.0,28.41,2.48,63.65,Aus,0.47
3/27/2016,0.05,28.21,,72.46,Aus,0.46
3/28/2016,8.87,28.03,3.35,72.61,Aus,0.46
3/29/2016,4.29,28.01,2.86,70.91,Aus,0.48
3/30/2016,4.63,28.09,3.01,72.05,Aus,0.49
3/31/2016,18.14,26.5,2.51,83.03,Aus,0.49
4/1/2016,18.65,25.9,2.04,84.46,Aus,0.52
4/2/2016,2.89,27.2,2.05,78.71,Aus,0.53
4/3/2016,1.4,28.15,3.01,77.37,Aus,0.52
4/4/2016,0.57,28.47,3.64,76.48,Aus,0.52
4/5/2016,0.76,28.63,,76.53,Aus,0.52
4/6/2016,0.81,29.24,,75.79,Aus,0.52
4/7/2016,0.05,29.55,,73.84,Aus,0.51
4/8/2016,0.07,29.46,1.454541899,71.59,Aus,0.51
4/9/2016,0.01,13.17308792,3.0,69.0,Aus,0.5
4/10/2016,0.01,31.05,3.21,66.29,Aus,0.5
4/11/2016,0.68,30.58,3.29,70.6,Aus,0.49
4/12/2016,1.14,31.17,3.29,67.91,Aus,0.48
4/13/2016,1.81,30.94,3.77,65.53,Aus,0.48
4/14/2016,3.91,30.05,,72.87,Aus,0.48
4/15/2016,4.93,29.98,4.13,73.73,Aus,0.49
4/16/2016,1.75,30.08,,74.6,Aus,0.49
4/17/2016,0.01,30.21,4.02,71.63,Aus,0.49
4/18/2016,0.02,30.08,4.18,71.94,Aus,0.48
4/19/2016,0.01,30.66,4.33,67.61,Aus,0.48
4/20/2016,0.0,29.99,4.28,69.25,Aus,0.48
4/21/2016,0.06,30.14,4.86,71.32,Aus,0.48
4/22/2016,0.11,37.31174917,0.618864004,71.95,Aus,0.47
4/23/2016,0.1,30.52,,73.44,Aus,0.47
4/24/2016,0.15,31.06,4.44,70.68,Aus,0.46
4/25/2016,0.1,30.81,4.29,70.0,Aus,0.46
4/26/2016,0.05,30.4,3.51,70.91,Aus,0.46
4/27/2016,0.07,29.83,3.07,73.45,Aus,0.45
4/28/2016,0.13,30.22,3.26,70.99,Aus,0.45
4/29/2016,0.26,30.52,3.35,71.53,Aus,0.45
4/30/2016,0.1,30.49,2.97,69.29,Aus,0.45
5/1/2016,3.7,31.08,3.76,65.27,Aus,0.45
5/2/2016,11.08,29.9,2.85,72.35,Aus,0.46
5/3/2016,7.97,29.54,2.04,73.45,Aus,0.48
5/4/2016,10.57,29.08,1.9,75.9,Aus,0.48
5/5/2016,7.08,13.62263747,1.99,66.32,Aus,0.48
5/6/2016,9.82,29.85,2.07,70.41,Aus,0.48
5/7/2016,9.79,28.73,1.43,76.6,Aus,0.48
5/8/2016,9.44,28.92,1.41,73.78,Aus,0.49
5/9/2016,11.05,28.4,1.22,78.61,Aus,0.49
5/10/2016,2.17,28.97,1.55,75.49,Aus,0.49
5/11/2016,1.22,30.14,1.62,69.2,Aus,0.48
5/12/2016,1.73,30.31,2.16,70.26,Aus,0.48
5/13/2016,14.82,29.23,2.7,82.0,Aus,0.49
5/14/2016,19.7,29.45,3.03,81.94,Aus,0.52
5/15/2016,12.87,29.45,3.23,82.94,Aus,0.53
5/16/2016,2.36,30.07,,79.06,Aus,0.52
5/17/2016,6.09,29.95,,80.07,Aus,0.52
5/18/2016,18.62,29.52,,81.53,Aus,0.54
5/19/2016,41.71,27.95,3.52,86.12,Aus,0.59
5/20/2016,,27.76,4.0,91.36,Aus,0.69
5/21/2016,,27.57,,92.41,Aus,0.77
5/22/2016,5.36,29.46,2.51,81.55,Aus,0.8
5/23/2016,11.15,29.35,2.01,85.15,Aus,0.79
5/24/2016,4.55,30.31,1.21,79.34,Aus,0.79
5/25/2016,4.78,30.5,1.96,76.13,Aus,0.78
5/26/2016,24.09,29.68,2.28,81.65,Aus,0.78
5/27/2016,9.54,29.19,2.15,81.45,Aus,0.78
5/28/2016,23.17,28.91,2.07,82.12,Aus,0.78
5/29/2016,8.94,29.51,1.45,80.15,Aus,0.79
5/30/2016,3.23,29.6,1.73,80.97,Aus,0.78
5/31/2016,13.28,28.86,2.5,87.13,Aus,0.78
6/1/2016,13.12,28.48,2.38,86.16,Aus,0.78
6/2/2016,5.44,28.96,2.11,83.7,Aus,0.78
6/3/2016,1.92,29.11,2.0,82.31,Aus,0.77
6/4/2016,6.08,29.0,2.07,83.78,Aus,0.77
6/5/2016,12.92,28.62,2.72,114.29,Aus,0.77
6/6/2016,18.13,28.23,5.7,88.71,Aus,0.78
6/7/2016,13.38,28.12,3.35,90.78,Aus,0.8
6/8/2016,13.85,28.42,,89.27,Aus,0.81
6/9/2016,22.93,28.21,,91.72,Aus,0.81
6/10/2016,13.0,28.75,3.46,90.59,Aus,0.81
6/11/2016,11.96,29.3,3.02,91.92,Aus,0.83
6/12/2016,18.93,28.82,3.51,93.29,Aus,0.84
6/13/2016,24.44,28.24,,94.36,Aus,0.85
6/14/2016,8.19,28.26,2.64,92.7,Aus,0.85
6/15/2016,6.38,28.04,3.14,91.66,Aus,0.84
6/16/2016,3.28,28.29,3.3,88.37,Aus,0.84
6/17/2016,11.4,28.2,3.13,87.74,Aus,0.84
6/18/2016,7.44,28.56,,87.26,Aus,0.84
6/19/2016,7.76,28.63,,85.36,Aus,0.84
6/20/2016,12.03,28.63,2.47,85.2,Aus,0.86
6/21/2016,9.18,28.69,2.58,86.17,Aus,0.88
6/22/2016,4.59,28.37,1.83,87.53,Aus,0.88
6/23/2016,5.33,14.396127,1.74,86.73,Aus,0.88
6/24/2016,3.44,28.87,2.12,86.48,Aus,0.88
6/25/2016,1.74,29.2,1.85,83.41,Aus,0.88
6/26/2016,5.58,29.28,2.37,84.63,Aus,0.87
6/27/2016,12.31,29.15,3.2,86.0,Aus,0.86
6/28/2016,11.31,29.4,3.3,87.44,Aus,0.86
6/29/2016,5.65,29.39,5.315881805,86.09,Aus,0.85
6/30/2016,5.77,29.01,2.76,86.74,Aus,0.85
7/1/2016,27.82,28.98,3.71,90.46,Aman,0.85
7/2/2016,36.94,28.76,,90.6,Aman,0.87
7/3/2016,29.9,28.39,,91.33,Aman,0.91
7/4/2016,28.0,28.24,,92.19,Aman,0.95
7/5/2016,30.0,28.2,4.01,92.79,Aman,0.98
7/6/2016,45.19,28.51,3.82,90.38,Aman,0.98
7/7/2016,41.94,28.76,2.83,89.91,Aman,0.98
7/8/2016,13.6,28.47,2.62,88.51,Aman,0.98
7/9/2016,12.92,28.18,3.59,90.35,Aman,0.97
7/10/2016,24.03,28.13,3.68,115.846493,Aman,0.97
7/11/2016,17.27,28.28,3.65,88.66,Aman,0.96
7/12/2016,25.67,28.57,3.77,88.73,Aman,0.96
7/13/2016,35.43,28.47,1.242632996,89.22,Aman,0.97
7/14/2016,28.88,28.68,3.18,89.61,Aman,0.98
7/15/2016,39.55,28.24,3.77,92.6,Aman,0.98
7/16/2016,38.0,27.66,4.6,92.23,Aman,0.98
7/17/2016,36.0,14.87837672,3.98,90.21,Aman,0.99
7/18/2016,34.13,27.81,3.54,90.98,Aman,0.99
7/19/2016,33.68,28.21,3.21,89.08,Aman,0.99
7/20/2016,13.51,28.64,2.64,89.82,Aman,0.98
7/21/2016,6.8,28.66,3.29,86.75,Aman,0.98
7/22/2016,15.03,36.71359591,3.6,88.41,Aman,0.97
7/23/2016,26.07,27.88,3.43,89.0,Aman,0.97
7/24/2016,23.57,27.63,3.4,90.77,Aman,0.97
7/25/2016,41.86,27.32,3.79,91.82,Aman,0.98
7/26/2016,28.84,27.48,2.81,87.48,Aman,0.98
7/27/2016,4.44,28.14,1.59,83.7,Aman,0.97
7/28/2016,3.22,28.3,1.97,86.16,Aman,0.96
7/29/2016,8.21,28.34,1.52,85.74,Aman,0.96
7/30/2016,14.44,28.1,1.79,86.74,Aman,0.96
7/31/2016,8.48,27.74,1.48,87.34,Aman,0.96
8/1/2016,,27.84,3.22,89.1,Aman,0.98
8/2/2016,33.51,27.79,3.48,90.42,Aman,0.98
8/3/2016,17.65,28.1,2.88,89.67,Aman,0.97
8/4/2016,16.61,28.31,4.26,123.0010652,Aman,0.96
8/5/2016,25.38,40.01227657,4.27,91.29,Aman,0.95
8/6/2016,35.0,28.16,3.9,90.58,Aman,0.96
8/7/2016,,28.0,3.39,92.63,Aman,0.97
8/8/2016,19.45,28.06,2.18,90.07,Aman,0.97
8/9/2016,35.0,27.52,4.43,92.48,Aman,0.98
8/10/2016,38.89,27.41,,94.02,Aman,0.98
8/11/2016,36.72,28.12,3.6,91.4,Aman,0.99
8/12/2016,34.42,28.37,2.66,89.51,Aman,0.99
8/13/2016,14.37,28.73,2.59,88.67,Aman,0.98
8/14/2016,21.34,28.42,2.03,125.9522422,Aman,0.98
8/15/2016,13.26,28.93,1.58,87.1,Aman,0.98
8/16/2016,7.94,28.49,1.98,88.4,Aman,0.97
8/17/2016,35.93,27.7,4.43,92.12,Aman,0.97
8/18/2016,20.09,28.26,3.67,88.16,Aman,0.96
8/19/2016,7.89,28.57,2.15,86.01,Aman,0.95
8/20/2016,16.5,29.13,1.95,85.28,Aman,0.95
8/21/2016,47.0,27.21,,92.16,Aman,0.97
8/22/2016,33.0,27.79,3.3,86.18,Aman,0.98
8/23/2016,2.73,28.12,1.52,84.66,Aman,0.97
8/24/2016,6.78,28.37,1.48,86.31,Aman,0.96
8/25/2016,14.23,28.59,1.34,87.16,Aman,0.96
8/26/2016,5.98,27.97,1.45,88.67,Aman,0.96
8/27/2016,7.31,28.67,1.43,83.61,Aman,0.96
8/28/2016,18.33,28.05,1.38,87.56,Aman,0.98
8/29/2016,8.59,28.8,1.5,84.01,Aman,0.98
8/30/2016,4.66,28.66,2.53,86.48,Aman,0.98
8/31/2016,13.9,28.76,3.3,87.6,Aman,0.98
9/1/2016,32.0,28.43,3.18,89.88,Aman,0.98
9/2/2016,48.75,28.27,3.07,41.73782065,Aman,0.99
9/3/2016,43.2,28.4,1.91,89.21,Aman,0.99
9/4/2016,30.07,28.16,2.67,89.31,Aman,0.99
9/5/2016,23.81,28.19,3.09,90.34,Aman,0.98
9/6/2016,42.38,28.24,3.9,91.36,Aman,0.98
9/7/2016,7.15,28.17,2.75,86.32,Aman,0.98
9/8/2016,1.72,28.2,2.93,86.8,Aman,0.97
9/9/2016,3.01,28.23,2.75,86.86,Aman,0.96
9/10/2016,5.94,28.46,2.22,36.64490141,Aman,0.95
9/11/2016,7.87,27.89,2.08,87.9,Aman,0.95
9/12/2016,16.11,28.3,1.95,86.58,Aman,0.95
9/13/2016,10.13,27.33,2.04,89.38,Aman,0.96
9/14/2016,11.72,28.29,1.86,84.49,Aman,0.96
9/15/2016,4.19,28.43,1.59,84.11,Aman,0.97
9/16/2016,6.08,28.36,1.310577343,83.85,Aman,0.96
9/17/2016,9.3,27.81,1.66,89.37,Aman,0.95
9/18/2016,2.93,28.41,1.101765815,84.69,Aman,0.95
9/19/2016,4.48,28.57,1.34,84.59,Aman,0.95
9/20/2016,10.37,28.24,1.31,85.92,Aman,0.95
9/21/2016,14.84,11.32935727,1.77,86.83,Aman,0.96
9/22/2016,16.52,27.78,1.94,87.28,Aman,0.97
9/23/2016,22.68,27.81,2.18,89.3,Aman,0.96
9/24/2016,24.56,27.85,2.45,90.39,Aman,0.95
9/25/2016,11.44,28.13,1.92,88.59,Aman,0.95
9/26/2016,22.52,28.14,1.33,117.1013177,Aman,0.96
9/27/2016,17.19,28.19,1.16,84.73,Aman,0.96
9/28/2016,36.0,27.75,1.56,86.58,Aman,0.98
9/29/2016,15.44,28.12,1.76,85.91,Aman,0.98
9/30/2016,2.45,28.45,1.61,85.09,Aman,0.97
10/1/2016,4.08,28.6,1.43,86.11,Aman,0.97
10/2/2016,5.56,29.12,0.86,81.27,Aman,0.97
10/3/2016,9.97,28.56,1.23,85.54,Aman,0.97
10/4/2016,18.95,28.61,1.39,85.64,Aman,0.98
10/5/2016,16.51,27.58,1.59,89.38,Aman,0.98
10/6/2016,20.82,27.66,1.79,89.04,Aman,0.98
10/7/2016,27.95,27.71,2.14,89.57,Aman,0.98
10/8/2016,9.53,27.66,1.99,89.53,Aman,0.98
10/9/2016,10.33,27.74,1.95,89.11,Aman,0.97
10/10/2016,32.0,27.08,2.76,91.96,Aman,0.98
10/11/2016,39.0,27.44,2.86,92.44,Aman,0.99
10/12/2016,48.22,27.6,2.77,91.51,Aman,0.99
10/13/2016,27.51,28.0,1.1,79.72,Aman,0.99
10/14/2016,7.52,27.17,1.32,81.8,Aman,0.98
10/15/2016,2.22,26.61,2.24,83.55,Aman,0.98
10/16/2016,0.02,26.32,2.17,82.86,Aman,0.98
10/17/2016,0.01,26.62,2.28,83.76,Aman,0.97
10/18/2016,0.01,27.28,1.65,81.71,Aman,0.96
10/19/2016,0.02,27.3,1.9,83.39,Aman,0.95
10/20/2016,0.03,26.82,,80.88,Aman,0.95
10/21/2016,0.04,26.41,,77.53,Aman,0.94
10/22/2016,,25.89,,77.04,Aman,0.93
10/23/2016,1.0,25.34,,78.97,Aman,0.92
10/24/2016,1.0,25.4,,82.28,Aman,0.91
10/25/2016,0.06,25.91,1.76,81.2,Aman,0.91
10/26/2016,4.11,26.21,1.54,86.0,Aman,0.9
10/27/2016,19.06,27.63,1.16,82.0,Aman,0.89
10/28/2016,4.3,27.33,0.92,80.61,Aman,0.89
10/29/2016,11.25,27.03,0.9,82.85,Aman,0.89
10/30/2016,7.68,26.53,1.27,85.32,Aman,0.89
10/31/2016,3.57,27.16,1.02,80.32,Aman,0.88
11/1/2016,0.22,27.18,1.24,82.08,Boro,0.88
11/2/2016,1.41,10.85343667,1.26,83.25,Boro,0.88
11/3/2016,3.11,27.1,0.83,82.31,Boro,0.87
11/4/2016,36.82,25.46,1.14,84.22,Boro,0.88
11/5/2016,,24.13,3.0,93.01,Boro,0.91
11/6/2016,10.79,12.670044,2.96,89.82,Boro,0.96
11/7/2016,15.77,23.97,2.85,86.43,Boro,0.98
11/8/2016,0.07,23.56,1.87,80.27,Boro,0.98
11/9/2016,1.0,22.82,,79.01,Boro,0.97
11/10/2016,2.0,22.53,,76.66,Boro,0.96
11/11/2016,3.0,23.0,,74.8,Boro,0.95
11/12/2016,4.0,23.54,,77.68,Boro,0.95
11/13/2016,2.0,23.48,,81.59,Boro,0.95
11/14/2016,3.0,23.39,,83.91,Boro,0.94
11/15/2016,1.0,22.36,,79.37,Boro,0.93
11/16/2016,2.0,21.59,,81.53,Boro,0.93
11/17/2016,3.0,20.97,,116.9280597,Boro,0.92
11/18/2016,,20.46,,80.18,Boro,0.91
11/19/2016,,20.76,,80.01,Boro,0.91
11/20/2016,,20.9,,78.36,Boro,0.91
11/21/2016,,21.1,4.83847248,79.84,Boro,0.9
11/22/2016,,21.41,,79.3,Boro,0.89
11/23/2016,,21.83,,76.19,Boro,0.89
11/24/2016,,21.66,,78.68,Boro,0.88
11/25/2016,,21.48,,78.1,Boro,0.88
11/26/2016,,21.98,,76.96,Boro,0.88
11/27/2016,0.28,22.58,1.12,77.24,Boro,0.87
11/28/2016,0.92,23.35,0.75,73.17,Boro,0.87
11/29/2016,0.03,23.03,1.13,77.14,Boro,0.87
11/30/2016,0.01,23.47,0.92,75.52,Boro,0.86
12/1/2016,0.01,23.49,0.93,73.65,Boro,0.85
12/2/2016,0.0,23.11,1.35,78.45,Boro,0.85
12/3/2016,0.0,22.02,2.06,85.75,Boro,0.84
12/4/2016,0.0,21.84,2.53,85.28,Boro,0.84
12/5/2016,0.0,20.78,2.41,83.79,Boro,0.84
12/6/2016,0.0,20.96,2.01,82.33,Boro,0.83
12/7/2016,,20.86,1.72,78.14,Boro,0.83
12/8/2016,1.0,20.52,2.11,81.73,Boro,0.82
12/9/2016,,20.31,2.33,82.98,Boro,0.81
12/10/2016,,19.72,2.54,81.53,Boro,0.81
12/11/2016,,19.82,2.15,80.0,Boro,0.8
12/12/2016,1.0,19.28,2.3,78.19,Boro,0.8
12/13/2016,,18.41,2.45,75.93,Boro,0.8
12/14/2016,1.0,17.91,2.42,75.44,Boro,0.79
12/15/2016,1.57,18.0,2.43,78.25,Boro,0.79
12/16/2016,0.0,18.2,2.21,78.46,Boro,0.78
12/17/2016,0.0,19.13,1.49,76.86,Boro,0.78
12/18/2016,0.0,19.25,1.24,71.79,Boro,0.77
12/19/2016,0.0,19.08,1.65,76.31,Boro,0.77
12/20/2016,0.0,18.91,1.83,79.25,Boro,0.77
12/21/2016,0.0,18.27,1.81,72.58,Boro,0.77
12/22/2016,0.0,18.39,1.62,73.73,Boro,0.77
12/23/2016,0.0,19.16,1.2,72.98,Boro,0.76
12/24/2016,0.0,20.43,0.95,74.57,Boro,0.76
12/25/2016,0.0,21.44,0.95,74.32,Boro,0.75
12/26/2016,0.0,14.98629832,1.28,75.46,Boro,0.75
12/27/2016,0.0,20.22,1.94,41.38314934,Boro,0.74
12/28/2016,0.0,19.09,2.38,82.15,Boro,0.74
12/29/2016,0.0,19.58,1.67,79.1,Boro,0.73
12/30/2016,0.0,19.86,1.18,72.56,Boro,0.73
12/31/2016,0.0,19.97,1.26,69.43,Boro,0.73
1/1/2017,0.0,20.33,1.44,71.19,Boro,0.73
1/2/2017,0.0,20.12,1.62,70.52,Boro,0.72
1/3/2017,0.01,19.84,1.8,74.68,Boro,0.72
1/4/2017,0.02,19.68,2.02,76.9,Boro,0.71
1/5/2017,0.09,19.04,2.12,72.83,Boro,0.71
1/6/2017,0.02,18.37,2.39,67.91,Boro,0.7
1/7/2017,0.0,18.35,1.95,66.43,Boro,0.7
1/8/2017,0.0,18.77,2.07,65.15,Boro,0.7
1/9/2017,0.0,19.14,2.01,69.11,Boro,0.7
1/10/2017,0.0,19.4,1.95,71.62,Boro,0.69
1/11/2017,0.0,18.73,2.35,76.88,Boro,0.68
1/12/2017,0.0,18.27,2.63,69.53,Boro,0.68
1/13/2017,0.0,16.89,2.86,65.81,Boro,0.67
1/14/2017,0.19,15.64,5.311944617,60.36,Boro,0.67
1/15/2017,0.0,15.32,2.41,62.69,Boro,0.66
1/16/2017,0.0,16.62,2.25,62.21,Boro,0.66
1/17/2017,0.0,17.52,1.93,61.27,Boro,0.66
1/18/2017,0.0,18.2,2.26,64.91,Boro,0.66
1/19/2017,0.0,18.22,2.56,69.15,Boro,0.65
1/20/2017,0.0,18.37,2.44,64.2,Boro,0.65
1/21/2017,0.0,18.34,2.32,63.06,Boro,0.64
1/22/2017,0.0,18.11,2.17,61.19,Boro,0.63
1/23/2017,0.0,18.34,2.0,60.37,Boro,0.63
1/24/2017,0.0,19.44,1.81,62.9,Boro,0.62
1/25/2017,0.0,20.3,1.51,63.39,Boro,0.62
1/26/2017,0.0,21.32,0.98,60.22,Boro,0.62
1/27/2017,0.0,22.13,1.22,66.92,Boro,0.62
1/28/2017,0.0,21.76,1.45,66.54,Boro,0.61
1/29/2017,0.0,19.96,2.19,65.54,Boro,0.61
1/30/2017,1.0,20.16,0.321018531,62.19,Boro,0.6
1/31/2017,1.0,20.42,,61.12,Boro,0.6
2/1/2017,1.0,21.05,,58.07,Boro,0.59
2/2/2017,1.0,19.74,,64.63,Boro,0.59
2/3/2017,1.0,19.45,,61.5,Boro,0.59
2/4/2017,1.0,20.4,,59.96,Boro,0.58
2/5/2017,2.0,22.03,,59.5,Boro,0.58
2/6/2017,3.0,22.1,,62.71,Boro,0.57
2/7/2017,0.06,22.39,,64.5,Boro,0.57
2/8/2017,1.0,22.22,,56.8,Boro,0.56
2/9/2017,,22.05,,48.51,Boro,0.56
2/10/2017,,22.06,,53.32,Boro,0.55
2/11/2017,1.0,23.11,,58.1,Boro,0.55
2/12/2017,1.0,23.71,,55.44,Boro,0.55
2/13/2017,1.0,23.25,,54.47,Boro,0.55
2/14/2017,1.0,23.93,,56.68,Boro,0.54
2/15/2017,,23.72,,55.73,Boro,0.53
2/16/2017,,23.57,,50.71,Boro,0.53
2/17/2017,,23.52,,51.34,Boro,0.52
2/18/2017,,23.91,,56.52,Boro,0.52
2/19/2017,0.0,24.25,1.66,64.13,Boro,0.52
2/20/2017,0.01,24.62,2.76,37.38528822,Boro,0.52
2/21/2017,0.03,25.11,3.65,76.42,Boro,0.52
2/22/2017,0.05,25.64,3.87,72.97,Boro,0.51
2/23/2017,1.32,26.07,2.49,73.7,Boro,0.51
2/24/2017,,24.89,1.43,49.67,Boro,0.51
2/25/2017,0.72,11.57846447,1.66,39.75,Boro,0.51
2/26/2017,,23.73,1.98,45.14,Boro,0.5
2/27/2017,0.0,24.26,1.61,50.85,Boro,0.5
2/28/2017,0.0,24.83,1.61,45.12,Boro,0.49
3/1/2017,,25.26,0.541614413,45.23,Boro,0.49
3/2/2017,0.0,25.62,2.21,56.49,Aus,0.48
3/3/2017,0.01,26.39,2.83,112.4027881,Aus,0.48
3/4/2017,,26.06,2.06,64.34,Aus,0.48
3/5/2017,2.16,26.01,3.04,69.87,Aus,0.48
3/6/2017,30.97,25.79,1.85,78.32,Aus,0.51
3/7/2017,6.86,26.13,1.07,68.86,Aus,0.55
3/8/2017,16.88,25.94,1.46,69.29,Aus,0.56
3/9/2017,7.13,24.8,2.06,77.71,Aus,0.57
3/10/2017,22.1,25.91,2.57,79.59,Aus,0.58
3/11/2017,,25.6,3.82,89.22,Aus,0.62
3/12/2017,38.0,24.87,1.95,78.28,Aus,0.67
3/13/2017,1.45,23.42,1.95,65.87,Aus,0.7
3/14/2017,,23.38,1.53,54.33,Aus,0.69
3/15/2017,0.0,23.47,1.59,52.0,Aus,0.68
3/16/2017,0.0,22.94,1.74,53.62,Aus,0.67
3/17/2017,0.0,23.01,1.78,66.91,Aus,0.66
3/18/2017,2.2,24.58,2.54,83.35,Aus,0.66
3/19/2017,1.77,25.09,1.55,77.02,Aus,0.67
3/20/2017,27.75,23.3,1.34,82.82,Aus,0.67
3/21/2017,2.07,23.62,1.25,66.79,Aus,0.67
3/22/2017,2.17,24.64,1.4,71.7,Aus,0.66
3/23/2017,0.0,25.27,1.49,77.22,Aus,0.66
3/24/2017,0.03,25.91,2.44,81.31,Aus,0.65
3/25/2017,0.28,25.99,2.29,83.23,Aus,0.65
3/26/2017,0.1,26.34,1.75,80.39,Aus,0.64
3/27/2017,0.13,26.63,2.47,83.9,Aus,0.63
3/28/2017,,26.72,3.02,82.77,Aus,0.62
3/29/2017,0.85,27.14,4.16,80.76,Aus,0.62
3/30/2017,0.45,27.5,4.7,80.61,Aus,0.62
3/31/2017,,27.53,3.68,80.42,Aus,0.61
4/1/2017,2.7,27.19,3.83,80.19,Aus,0.6
4/2/2017,5.58,27.52,,80.04,Aus,0.59
4/3/2017,8.64,27.27,,83.69,Aus,0.59
4/4/2017,12.73,10.7685764,4.42,83.24,Aus,0.61
4/5/2017,24.88,26.98,3.36,83.41,Aus,0.65
4/6/2017,19.7,26.99,2.09,85.78,Aus,0.69
4/7/2017,6.18,27.74,2.26,84.79,Aus,0.71
4/8/2017,1.53,14.12639545,2.2,83.85,Aus,0.71
4/9/2017,,28.26,2.16,80.87,Aus,0.7
4/10/2017,0.54,28.2,1.83,78.96,Aus,0.7
4/11/2017,0.73,28.22,1.64,75.37,Aus,0.69
4/12/2017,0.01,27.76,1.53,72.31,Aus,0.68
4/13/2017,,27.36,1.58,68.81,Aus,0.67
4/14/2017,0.0,27.04,1.171156479,71.9,Aus,0.66
4/15/2017,,27.4,3.25,77.05,Aus,0.66
4/16/2017,4.47,28.15,1.22,72.71,Aus,0.66
4/17/2017,,28.07,2.22,69.99,Aus,0.65
4/18/2017,4.66,28.21,2.77,76.94,Aus,0.64
4/19/2017,47.74,28.23,,82.91,Aus,0.64
4/20/2017,3.0,27.86,4.13,85.45,Aus,0.7
4/21/2017,,27.66,3.98,87.66,Aus,0.79
4/22/2017,3.0,27.42,4.52,89.36,Aus,0.88
4/23/2017,4.0,27.66,3.99,88.76,Aus,0.91
4/24/2017,42.44,27.73,4.4,89.71,Aus,0.92
4/25/2017,20.76,28.16,,89.33,Aus,0.94
4/26/2017,3.84,27.96,4.22,89.48,Aus,0.93
4/27/2017,0.74,27.36,2.78,89.42,Aus,0.93
4/28/2017,1.26,27.22,2.36,87.67,Aus,0.92
4/29/2017,0.99,27.77,5.705258276,87.63,Aus,0.91
4/30/2017,1.61,27.45,1.270781514,90.57,Aus,0.91
5/1/2017,9.06,27.46,2.26,89.04,Aus,0.91
5/2/2017,8.17,27.59,1.62,81.99,Aus,0.91
5/3/2017,3.72,27.97,1.67,80.11,Aus,0.9
5/4/2017,0.06,28.19,1.77,79.8,Aus,0.89
5/5/2017,0.3,28.16,2.85,83.16,Aus,0.88
5/6/2017,0.81,28.21,2.84,84.16,Aus,0.88
5/7/2017,1.03,27.67,2.19,86.31,Aus,0.87
5/8/2017,,28.08,2.03,83.92,Aus,0.87
5/9/2017,4.02,28.09,1.48,83.11,Aus,0.86
5/10/2017,12.53,28.66,1.09,78.58,Aus,0.86
5/11/2017,9.45,28.62,2.04,82.6,Aus,0.86
5/12/2017,3.37,29.33,1.26,75.44,Aus,0.85
5/13/2017,4.36,29.24,1.85,78.99,Aus,0.84
5/14/2017,6.86,29.06,2.19,83.07,Aus,0.84
5/15/2017,17.57,29.02,3.17,87.25,Aus,0.84
5/16/2017,21.28,28.95,2.56,85.7,Aus,0.86
5/17/2017,22.68,29.11,1.59,83.9,Aus,0.89
5/18/2017,8.97,29.25,1.8,88.47,Aus,0.9
5/19/2017,15.28,29.16,1.94,90.25,Aus,0.91
5/20/2017,3.58,29.19,2.19,86.69,Aus,0.91
5/21/2017,,29.24,2.38,86.48,Aus,0.9
5/22/2017,0.28,29.34,2.48,86.83,Aus,0.9
5/23/2017,0.83,29.66,2.23,119.7484285,Aus,0.89
5/24/2017,,29.96,1.03318396,83.45,Aus,0.88
5/25/2017,0.05,30.18,2.25,82.2,Aus,0.88
5/26/2017,2.42,30.05,1.46,81.39,Aus,0.88
5/27/2017,2.97,29.46,1.55,84.07,Aus,0.87
5/28/2017,4.7,30.55,1.17,74.47,Aus,0.87
5/29/2017,27.09,28.52,1.91,81.45,Aus,0.87
5/30/2017,,27.99,4.13,91.08,Aus,0.9
5/31/2017,26.38,29.17,3.15,90.71,Aus,0.92
6/1/2017,,29.28,3.84,32.25941516,Aus,0.95
6/2/2017,,28.88,3.95,91.05,Aus,0.98
6/3/2017,48.33,29.22,3.91,90.99,Aus,0.98
6/4/2017,24.06,29.25,3.49,92.02,Aus,0.98
6/5/2017,11.82,29.02,2.94,92.56,Aus,0.98
6/6/2017,21.05,29.84,1.44,82.98,Aus,0.98
6/7/2017,2.24,29.84,1.7,78.49,Aus,0.98
6/8/2017,7.44,29.45,1.58,84.87,Aus,0.98
6/9/2017,4.66,28.89,1.77,86.45,Aus,0.98
6/10/2017,10.48,28.73,2.51,92.05,Aus,0.97
6/11/2017,45.6,28.38,3.82,92.49,Aus,0.98
6/12/2017,,27.71,,93.18,Aus,0.99
6/13/2017,18.7,28.86,4.46,93.08,Aus,0.99
6/14/2017,8.17,28.7,3.51,91.17,Aus,0.99
6/15/2017,40.93,27.97,4.42,91.57,Aus,0.98
6/16/2017,23.02,28.11,3.18,91.04,Aus,0.99
6/17/2017,16.32,28.59,3.47,88.49,Aus,0.99
6/18/2017,20.42,28.64,4.03,92.21,Aus,0.99
6/19/2017,47.09,28.35,4.56,93.82,Aus,0.99
6/20/2017,46.84,27.84,2.9,92.03,Aus,0.99
6/21/2017,40.66,27.74,2.61,115.5634418,Aus,0.99
6/22/2017,14.58,28.24,2.32,90.77,Aus,0.99
6/23/2017,14.82,28.06,2.01,88.84,Aus,0.98
6/24/2017,5.52,28.22,2.54,87.5,Aus,0.98
6/25/2017,8.42,28.47,3.81,87.86,Aus,0.97
6/26/2017,15.02,28.38,3.74,88.6,Aus,0.96
6/27/2017,8.33,28.13,2.82,90.14,Aus,0.96
6/28/2017,9.7,28.41,3.18,90.31,Aus,0.95
6/29/2017,11.41,28.61,3.41,89.15,Aus,0.95
6/30/2017,32.97,28.66,3.8,90.97,Aus,0.95
7/1/2017,,28.56,3.37,92.89,Aus,0.95
7/2/2017,44.55,28.57,3.88,89.74,Aman,0.97
7/3/2017,34.0,28.25,4.4,92.37,Aman,0.98
7/4/2017,52.0,28.03,4.0,118.4485466,Aman,0.99
7/5/2017,25.58,28.42,3.86,90.55,Aman,0.99
7/6/2017,16.3,28.53,3.27,88.56,Aman,0.98
7/7/2017,17.25,28.5,2.69,87.85,Aman,0.97
7/8/2017,5.11,28.26,3.68,89.4,Aman,0.96
7/9/2017,4.63,28.47,4.02,87.07,Aman,0.95
7/10/2017,21.42,28.38,3.85,88.88,Aman,0.95
7/11/2017,34.0,28.18,2.99,91.42,Aman,0.96
7/12/2017,45.0,27.95,3.62,91.05,Aman,0.97
7/13/2017,14.71,27.64,2.8,90.77,Aman,0.97
7/14/2017,17.32,27.58,2.88,91.82,Aman,0.98
7/15/2017,12.72,28.13,2.26,89.18,Aman,0.97
7/16/2017,11.0,27.8,2.36,90.86,Aman,0.97
7/17/2017,10.08,28.31,2.63,91.47,Aman,0.97
7/18/2017,22.5,27.99,2.64,91.09,Aman,0.96
7/19/2017,32.0,27.9,4.93,92.17,Aman,0.97
7/20/2017,,27.86,4.01,91.82,Aman,0.99
7/21/2017,,28.34,3.4,92.89,Aman,0.99
7/22/2017,58.8,28.03,2.77,91.44,Aman,0.99
7/23/2017,53.0,27.68,4.48,93.79,Aman,0.99
7/24/2017,,39.45149989,5.34,93.58,Aman,1.0
7/25/2017,,27.56,4.16,92.28,Aman,0.99
7/26/2017,45.5,27.87,2.41,89.52,Aman,0.99
7/27/2017,44.44,27.82,2.0,89.86,Aman,0.99
7/28/2017,44.22,28.38,1.89,90.67,Aman,0.98
7/29/2017,9.06,28.07,1.94,90.89,Aman,0.98
7/30/2017,5.48,28.39,1.74,87.07,Aman,0.98
7/31/2017,3.07,28.73,1.99,86.96,Aman,0.97
8/1/2017,4.79,29.02,2.35,87.07,Aman,0.97
8/2/2017,15.78,29.13,1.93,47.11608977,Aman,0.97
8/3/2017,37.0,28.99,1.63,91.2,Aman,0.97
8/4/2017,23.09,28.96,1.82,88.79,Aman,0.96
8/5/2017,32.08,28.52,3.21,90.37,Aman,0.96
8/6/2017,36.85,28.43,0.657142959,89.06,Aman,0.96
8/7/2017,50.13,28.42,3.52,89.2,Aman,0.98
8/8/2017,31.35,28.39,3.61,89.47,Aman,0.98
8/9/2017,40.5,28.65,3.72,88.99,Aman,0.98
8/10/2017,41.23,28.4,4.42,90.13,Aman,0.98
8/11/2017,42.05,28.39,4.28,91.48,Aman,0.99
8/12/2017,33.0,28.36,3.52,93.17,Aman,1.0
8/13/2017,,27.79,2.71,91.59,Aman,1.0
8/14/2017,24.24,28.22,2.44,89.33,Aman,0.99
8/15/2017,36.77,28.36,2.68,89.65,Aman,0.99
8/16/2017,47.97,27.98,3.01,92.69,Aman,0.99
8/17/2017,20.04,27.94,2.81,88.71,Aman,0.99
8/18/2017,10.17,27.92,3.72,90.43,Aman,0.98
8/19/2017,9.87,28.04,3.34,88.96,Aman,0.98
8/20/2017,2.64,28.11,2.27,86.65,Aman,0.97
8/21/2017,6.32,28.82,1.14,82.58,Aman,0.96
8/22/2017,50.29,28.34,1.051231423,84.76,Aman,0.96
8/23/2017,20.55,37.68300024,1.5,84.3,Aman,0.97
8/24/2017,14.9,28.2,1.82,87.81,Aman,0.97
8/25/2017,16.58,28.33,2.29,87.69,Aman,0.98
8/26/2017,25.71,28.23,2.43,91.22,Aman,0.98
8/27/2017,50.53,27.8,3.18,90.67,Aman,0.98
8/28/2017,35.9,39.6430781,3.36,90.17,Aman,0.97
8/29/2017,24.48,28.29,2.91,89.38,Aman,0.96
8/30/2017,20.84,28.21,1.65,88.1,Aman,0.96
8/31/2017,44.69,27.68,2.37,91.33,Aman,0.97
9/1/2017,,27.55,2.78,93.27,Aman,0.98
9/2/2017,27.0,27.78,3.31,90.52,Aman,0.99
9/3/2017,30.79,28.21,2.86,89.78,Aman,0.99
9/4/2017,4.4,28.33,1.69,88.75,Aman,0.99
9/5/2017,12.2,28.65,1.43,87.43,Aman,0.98
9/6/2017,15.82,28.78,1.49,87.26,Aman,0.98
9/7/2017,10.74,28.09,2.08,87.88,Aman,0.98
9/8/2017,15.8,28.4,2.29,87.17,Aman,0.98
9/9/2017,31.14,27.94,2.46,89.9,Aman,0.98
9/10/2017,,27.66,2.73,91.18,Aman,0.98
9/11/2017,42.68,27.72,2.29,90.21,Aman,0.99
9/12/2017,42.3,27.92,1.85,89.11,Aman,0.99
9/13/2017,17.29,27.29,2.09,92.18,Aman,0.99
9/14/2017,8.43,28.0,1.62,87.88,Aman,0.99
9/15/2017,1.2,28.75,0.97,82.29,Aman,0.98
9/16/2017,18.67,29.35,1.19,84.78,Aman,0.98
9/17/2017,20.31,28.06,2.11,90.51,Aman,0.99
9/18/2017,26.03,27.87,2.02,87.27,Aman,0.99
9/19/2017,50.13,27.64,5.763334548,91.98,Aman,0.99
9/20/2017,41.0,27.62,2.65,92.37,Aman,0.99
9/21/2017,26.78,28.19,2.45,91.02,Aman,0.99
9/22/2017,9.39,28.34,1.84,87.87,Aman,0.98
9/23/2017,4.2,28.57,1.55,87.04,Aman,0.98
9/24/2017,2.53,28.96,1.3,82.86,Aman,0.97
9/25/2017,4.3,28.68,5.611289968,41.43516985,Aman,0.97
9/26/2017,10.46,28.69,0.98,85.88,Aman,0.98
9/27/2017,28.84,28.4,0.95,81.77,Aman,0.98
9/28/2017,23.28,27.34,1.79,88.73,Aman,0.98
9/29/2017,,27.2,2.64,91.58,Aman,0.98
9/30/2017,31.08,28.0,2.56,90.98,Aman,0.99
10/1/2017,26.2,27.99,1.51,89.64,Aman,0.98
10/2/2017,17.6,27.88,1.65,90.99,Aman,0.98
10/3/2017,9.85,28.03,1.01,85.32,Aman,0.98
10/4/2017,3.14,28.53,0.75,82.5,Aman,0.98
10/5/2017,13.73,28.2,1.23,85.73,Aman,0.97
10/6/2017,8.27,28.12,1.65,87.33,Aman,0.97
10/7/2017,18.16,27.07,1.95,90.62,Aman,0.97
10/8/2017,43.85,26.78,1.77,90.35,Aman,0.98
10/9/2017,,27.3,3.69,91.62,Aman,0.98
10/10/2017,14.1,27.82,1.75,120.3111379,Aman,0.98
10/11/2017,1.1,28.25,1.37,85.49,Aman,0.97
10/12/2017,0.82,27.74,2.05,89.23,Aman,0.96
10/13/2017,0.65,27.81,2.02,87.01,Aman,0.95
10/14/2017,0.27,28.21,1.58,84.84,Aman,0.95
10/15/2017,1.15,28.79,0.96,79.46,Aman,0.94
10/16/2017,0.03,28.18,1.89,80.31,Aman,0.93
10/17/2017,1.01,27.62,1.61,80.64,Aman,0.93
10/18/2017,34.95,27.33,2.0,90.52,Aman,0.93
10/19/2017,23.0,27.46,3.4,92.49,Aman,0.93
10/20/2017,12.0,27.5,4.86,90.96,Aman,0.95
10/21/2017,2.0,27.22,,90.78,Aman,0.98
10/22/2017,3.06,26.15,2.29,85.02,Aman,0.98
10/23/2017,0.27,26.32,1.13,77.72,Aman,0.98
10/24/2017,0.7,26.28,1.25,82.9,Aman,0.98
10/25/2017,5.15,27.06,0.89,77.19,Aman,0.97
10/26/2017,0.77,25.96,1.47,79.66,Aman,0.96
10/27/2017,0.0,24.58,1.97,72.79,Aman,0.95
10/28/2017,0.02,24.97,1.79,74.56,Aman,0.95
10/29/2017,6.18,25.22,1.55,77.68,Aman,0.95
10/30/2017,16.12,24.4,1.6,75.77,Aman,0.95
10/31/2017,0.14,24.01,1.68,78.51,Aman,0.95
11/1/2017,0.29,23.84,1.68,79.84,Aman,0.95
11/2/2017,0.07,24.09,1.78,79.37,Boro,0.95
11/3/2017,0.02,24.25,2.05,81.04,Boro,0.94
11/4/2017,0.05,26.0,1.31,76.99,Boro,0.93
11/5/2017,0.4,26.12,1.3,80.35,Boro,0.93
11/6/2017,0.05,25.26,1.8,81.98,Boro,0.92
11/7/2017,0.0,24.83,1.91,81.43,Boro,0.91
11/8/2017,0.7,24.76,1.79,80.71,Boro,0.91
11/9/2017,0.01,24.68,1.44,77.01,Boro,0.9
11/10/2017,0.01,23.98,1.87,77.38,Boro,0.9
11/11/2017,0.0,24.02,1.78,77.24,Boro,0.89
11/12/2017,0.01,12.20992097,2.02,79.61,Boro,0.88
11/13/2017,0.02,24.07,1.97,83.39,Boro,0.88
11/14/2017,0.02,24.12,1.7,81.25,Boro,0.87
11/15/2017,15.36,23.48,2.35,90.49,Boro,0.87
11/16/2017,4.78,24.19,2.5,91.48,Boro,0.87
11/17/2017,1.63,25.05,1.59,86.36,Boro,0.86
11/18/2017,3.0,25.83,1.21,85.52,Boro,0.86
11/19/2017,0.78,25.33,1.86,86.91,Boro,0.85
11/20/2017,0.01,24.46,2.37,82.69,Boro,0.85
11/21/2017,0.02,23.07,2.5,82.9,Boro,0.84
11/22/2017,0.08,20.68,,72.96,Boro,0.84
11/23/2017,1.0,19.93,,70.17,Boro,0.84
11/24/2017,,19.66,,77.69,Boro,0.83
11/25/2017,2.0,20.05,,71.48,Boro,0.82
11/26/2017,,19.49,,73.91,Boro,0.82
11/27/2017,,19.86,,77.21,Boro,0.81
11/28/2017,,20.19,,70.74,Boro,0.81
11/29/2017,,19.7,,72.98,Boro,0.8
11/30/2017,2.0,19.62,1.0,80.52,Boro,0.8
12/1/2017,,20.14,,79.99,Boro,0.8
12/2/2017,,20.97,,76.31,Boro,0.79
12/3/2017,1.0,20.45,1.0,74.96,Boro,0.78
12/4/2017,,20.32,,75.88,Boro,0.78
12/5/2017,,20.9,,76.27,Boro,0.77
12/6/2017,,20.56,,76.1,Boro,0.77
12/7/2017,,21.5,,75.95,Boro,0.77
12/8/2017,14.03,20.79,1.85,84.89,Boro,0.77
12/9/2017,28.0,22.11,1.69,93.46,Boro,0.78
12/10/2017,29.66,24.3,2.97,94.06,Boro,0.8
12/11/2017,12.72,23.9,2.36,91.37,Boro,0.83
12/12/2017,0.72,22.96,1.39,86.27,Boro,0.84
12/13/2017,0.01,22.37,1.49,84.74,Boro,0.84
12/14/2017,0.01,21.79,1.58,82.23,Boro,0.83
12/15/2017,0.0,20.62,2.04,79.66,Boro,0.83
12/16/2017,,19.89,1.81,77.42,Boro,0.82
12/17/2017,0.01,19.14,1.91,80.95,Boro,0.81
12/18/2017,0.01,19.14,1.84,85.03,Boro,0.81
12/19/2017,,19.62,1.33,82.13,Boro,0.8
12/20/2017,0.0,20.12,0.9,76.76,Boro,0.8
12/21/2017,,20.22,0.84,76.17,Boro,0.8
12/22/2017,0.0,20.23,1.23,78.03,Boro,0.8
12/23/2017,0.0,20.21,1.8,80.18,Boro,0.79
12/24/2017,0.0,19.43,2.01,81.77,Boro,0.79
12/25/2017,0.0,18.67,2.04,80.14,Boro,0.78
12/26/2017,,18.97,2.52,82.03,Boro,0.78
12/27/2017,0.01,18.33,2.69,81.53,Boro,0.77
12/28/2017,,18.73,1.91,47.06136387,Boro,0.77
12/29/2017,0.04,18.93,1.76,86.72,Boro,0.77
12/30/2017,0.03,19.78,1.87,84.39,Boro,0.76
12/31/2017,,19.63,1.75,81.42,Boro,0.76
1/1/2018,2.17,19.71,1.3,79.69,Boro,0.76
1/2/2018,1.94,18.55,2.49,84.98,Boro,0.76
1/3/2018,0.06,37.87739669,2.5,75.99,Boro,0.76
1/4/2018,,15.89,2.36,72.89,Boro,0.76
1/5/2018,0.0,15.4,2.34,75.99,Boro,0.76
1/6/2018,0.0,15.51,2.34,72.25,Boro,0.75
1/7/2018,,14.89,2.49,67.06,Boro,0.75
1/8/2018,0.0,14.42,2.5,65.8,Boro,0.74
1/9/2018,0.0,14.18,2.38,68.95,Boro,0.74
1/10/2018,,14.48,2.25,69.45,Boro,0.73
1/11/2018,0.0,14.36,2.0,71.86,Boro,0.73
1/12/2018,0.0,15.59,1.39,72.97,Boro,0.73
1/13/2018,0.0,16.38,1.09,75.74,Boro,0.73
1/14/2018,,16.09,1.86,82.43,Boro,0.73
1/15/2018,0.0,16.19,1.83,121.49966,Boro,0.72
1/16/2018,,16.48,2.0,73.83,Boro,0.72
1/17/2018,0.0,16.7,1.94,73.79,Boro,0.71
1/18/2018,0.0,16.88,1.97,73.38,Boro,0.71
1/19/2018,,16.85,1.85,70.38,Boro,0.71
1/20/2018,0.0,16.96,1.73,66.02,Boro,0.7
1/21/2018,0.0,17.19,1.88,68.73,Boro,0.7
1/22/2018,,17.04,1.78,66.78,Boro,0.7
1/23/2018,,17.9,,62.21,Boro,0.69
1/24/2018,0.13,18.86,1.0,114.0568923,Boro,0.69
1/25/2018,,18.88,,72.97,Boro,0.69
1/26/2018,,38.76337773,,67.73,Boro,0.68
1/27/2018,,17.39,,67.58,Boro,0.68
1/28/2018,0.13,16.68,1.0,63.59,Boro,0.67
1/29/2018,,17.33,,59.98,Boro,0.66
1/30/2018,,18.11,,60.2,Boro,0.66
1/31/2018,,19.05,,64.87,Boro,0.66
2/1/2018,,19.62,,68.38,Boro,0.66
2/2/2018,0.13,20.18,1.0,39.02668741,Boro,0.65
2/3/2018,,20.99,,69.34,Boro,0.65
2/4/2018,,21.14,,78.2,Boro,0.64
2/5/2018,,21.85,,76.48,Boro,0.64
2/6/2018,,21.67,,74.5,Boro,0.63
2/7/2018,,22.13,5.2983396,73.05,Boro,0.63
2/8/2018,0.13,22.45,1.0,71.56,Boro,0.62
2/9/2018,,22.46,,68.28,Boro,0.62
2/10/2018,0.14,22.52,1.09,76.32,Boro,0.62
2/11/2018,0.0,20.82,1.86,61.34,Boro,0.62
2/12/2018,0.0,20.49,2.17,56.97,Boro,0.62
2/13/2018,0.0,20.98,2.12,62.72,Boro,0.61
2/14/2018,0.0,21.96,1.97,65.63,Boro,0.6
2/15/2018,0.0,21.24,2.01,64.15,Boro,0.6
2/16/2018,,20.48,2.26,57.82,Boro,0.59
2/17/2018,0.0,21.32,1.46,57.94,Boro,0.59
2/18/2018,,22.35,1.3,60.8,Boro,0.59
2/19/2018,0.0,23.02,1.04,59.62,Boro,0.58
2/20/2018,0.0,23.43,1.35,66.0,Boro,0.58
2/21/2018,,23.81,1.26,62.66,Boro,0.57
2/22/2018,0.07,23.86,1.38,63.72,Boro,0.57
2/23/2018,,24.48,1.64,63.02,Boro,0.56
2/24/2018,0.0,25.01,1.72,68.16,Boro,0.56
2/25/2018,0.01,25.23,1.97,65.46,Boro,0.55
2/26/2018,1.44,25.21,1.51,68.73,Boro,0.55
2/27/2018,,40.16291876,5.018980254,66.23,Boro,0.55
2/28/2018,0.06,25.49,1.28,64.18,Boro,0.55
3/1/2018,0.09,26.0,1.25,63.31,Boro,0.55
3/2/2018,0.02,25.93,1.64,60.23,Aus,0.54
3/3/2018,0.0,26.22,2.74,68.37,Aus,0.54
3/4/2018,,26.61,2.59,72.98,Aus,0.53
3/5/2018,0.01,26.93,1.47,67.77,Aus,0.52
3/6/2018,0.01,27.68,1.62,53.56,Aus,0.52
3/7/2018,0.01,26.92,1.74,51.29,Aus,0.52
3/8/2018,,26.1,1.52,42.38,Aus,0.52
3/9/2018,0.0,26.42,1.45,42.47,Aus,0.51
3/10/2018,,26.27,1.38,47.32,Aus,0.5
3/11/2018,0.0,26.67,1.55,53.64,Aus,0.5
3/12/2018,0.01,27.1,2.76,60.05,Aus,0.49
3/13/2018,0.05,27.47,1.7,62.79,Aus,0.49
3/14/2018,0.09,27.46,1.96,62.06,Aus,0.48
3/15/2018,0.1,27.35,2.73,65.07,Aus,0.48
3/16/2018,0.52,27.43,2.48,70.09,Aus,0.48
3/17/2018,0.34,28.31,2.65,59.17,Aus,0.48
3/18/2018,0.04,28.05,1.97,60.79,Aus,0.48
3/19/2018,0.03,28.53,1.379980454,54.98,Aus,0.47
3/20/2018,0.0,28.03,1.48,45.05,Aus,0.47
3/21/2018,,27.69,2.14,58.28,Aus,0.46
3/22/2018,0.02,28.31,1.87,59.69,Aus,0.46
3/23/2018,0.39,28.0,2.67,65.6,Aus,0.45
3/24/2018,,28.27,2.06,68.2,Aus,0.45
3/25/2018,0.14,29.09,1.61,61.74,Aus,0.45
3/26/2018,,28.99,2.28,63.78,Aus,0.45
3/27/2018,1.0,28.98,2.68,65.34,Aus,0.45
3/28/2018,0.66,28.57,2.69,66.86,Aus,0.45
3/29/2018,0.39,28.18,2.86,69.44,Aus,0.44
3/30/2018,1.06,13.75537727,2.78,71.26,Aus,0.44
3/31/2018,5.62,26.47,1.6,77.4,Aus,0.45
4/1/2018,3.32,26.49,0.99,74.15,Aus,0.45
4/2/2018,0.8,26.29,2.24,70.96,Aus,0.45
4/3/2018,1.09,27.98,1.66,59.46,Aus,0.45
4/4/2018,0.61,28.39,1.84,59.84,Aus,0.45
4/5/2018,0.78,27.18,2.41,70.65,Aus,0.45
4/6/2018,9.27,27.51,1.88,73.69,Aus,0.45
4/7/2018,15.69,27.09,1.4,77.38,Aus,0.48
4/8/2018,15.98,26.6,1.89,79.42,Aus,0.49
4/9/2018,13.22,27.21,1.8,75.8,Aus,0.5
4/10/2018,10.27,27.51,2.0,72.86,Aus,0.54
4/11/2018,2.29,27.85,2.47,71.53,Aus,0.55
4/12/2018,3.47,28.27,2.1,69.66,Aus,0.55
4/13/2018,7.26,28.01,2.05,71.9,Aus,0.54
4/14/2018,6.17,28.5,2.06,73.86,Aus,0.54
4/15/2018,10.74,28.46,2.36,74.56,Aus,0.53
4/16/2018,7.14,29.02,1.42,70.17,Aus,0.52
4/17/2018,7.26,28.82,2.14,40.26459726,Aus,0.52
4/18/2018,17.41,28.07,2.57,78.31,Aus,0.54
4/19/2018,41.34,27.81,2.74,83.65,Aus,0.58
4/20/2018,18.34,11.75517533,3.45,81.1,Aus,0.62
4/21/2018,10.67,28.51,4.22,82.52,Aus,0.63
4/22/2018,6.29,28.37,2.93,84.21,Aus,0.64
4/23/2018,8.34,28.45,1.65,81.45,Aus,0.65
4/24/2018,4.93,29.09,1.46,75.36,Aus,0.65
4/25/2018,0.57,28.3,2.12,76.64,Aus,0.64
4/26/2018,8.89,27.53,1.9,82.04,Aus,0.63
4/27/2018,9.88,27.08,1.17,114.941592,Aus,0.63
4/28/2018,8.52,28.22,1.94,73.13,Aus,0.63
4/29/2018,7.37,27.95,3.05,76.75,Aus,0.64
4/30/2018,29.67,27.51,2.94,83.17,Aus,0.68
5/1/2018,23.68,27.87,1.39,80.58,Aus,0.71
5/2/2018,4.46,13.45733981,2.1,81.97,Aus,0.72
5/3/2018,14.5,27.2,1.79,83.25,Aus,0.72
5/4/2018,8.78,27.85,2.51,80.12,Aus,0.73
5/5/2018,18.69,28.13,3.34,82.6,Aus,0.75
5/6/2018,5.26,28.7,3.94,81.87,Aus,0.77
5/7/2018,5.15,28.74,4.2,85.16,Aus,0.78
5/8/2018,8.15,29.3,3.93,82.62,Aus,0.78
5/9/2018,9.29,28.39,3.23,87.0,Aus,0.78
5/10/2018,13.29,28.28,2.26,83.91,Aus,0.79
5/11/2018,32.79,27.98,2.44,86.96,Aus,0.8
5/12/2018,16.8,27.86,1.58,81.96,Aus,0.82
5/13/2018,25.7,27.84,2.51,84.39,Aus,0.84
5/14/2018,16.19,27.52,1.91,83.55,Aus,0.84
5/15/2018,9.68,27.62,2.26,79.6,Aus,0.84
5/16/2018,39.39,26.98,2.35,87.01,Aus,0.85
5/17/2018,29.27,27.62,1.82,83.61,Aus,0.88
5/18/2018,27.06,27.93,2.57,85.73,Aus,0.89
5/19/2018,40.27,28.11,2.51,85.53,Aus,0.91
5/20/2018,14.75,28.31,2.6,84.32,Aus,0.91
5/21/2018,12.31,28.23,2.71,85.38,Aus,0.91
5/22/2018,6.03,28.36,2.69,84.64,Aus,0.91
5/23/2018,35.01,28.11,2.7,88.45,Aus,0.9
5/24/2018,18.63,28.05,2.57,87.72,Aus,0.91
5/25/2018,11.4,28.49,3.14,88.42,Aus,0.91
5/26/2018,6.92,28.52,2.6,89.19,Aus,0.91
5/27/2018,0.67,28.58,2.18,87.95,Aus,0.91
5/28/2018,,28.73,1.9,87.55,Aus,0.91
5/29/2018,3.89,29.17,1.96,83.45,Aus,0.91
5/30/2018,8.75,29.27,2.34,81.07,Aus,0.9
5/31/2018,14.37,28.63,3.2,90.5,Aus,0.91
6/1/2018,19.49,27.86,2.26,87.18,Aus,0.91
6/2/2018,39.51,27.84,4.823446,86.99,Aus,0.91
6/3/2018,19.68,28.6,2.12,87.32,Aus,0.92
6/4/2018,30.68,28.79,2.08,88.73,Aus,0.92
6/5/2018,44.81,28.03,1.431808544,88.44,Aus,0.93
6/6/2018,8.76,29.05,1.42,85.16,Aus,0.95
6/7/2018,12.46,29.12,1.28,84.09,Aus,0.95
6/8/2018,7.2,28.96,1.44,88.5,Aus,0.95
6/9/2018,40.88,28.4,1.34,87.68,Aus,0.95
6/10/2018,,40.15952067,4.03,92.63,Aus,0.97
6/11/2018,,28.44,4.91,94.0,Aus,0.99
6/12/2018,,28.39,4.36,93.88,Aus,0.99
6/13/2018,,28.3,4.52,92.61,Aus,0.99
6/14/2018,24.74,37.7093485,3.72,40.16081067,Aus,0.99
6/15/2018,12.54,29.01,3.66,91.76,Aus,0.98
6/16/2018,13.99,29.14,2.87,89.55,Aus,0.98
6/17/2018,17.02,29.36,2.49,87.85,Aus,0.98
6/18/2018,11.13,29.38,2.29,87.06,Aus,0.98
6/19/2018,23.44,29.17,2.48,90.82,Aus,0.97
6/20/2018,18.63,28.87,1.82,90.39,Aus,0.97
6/21/2018,22.69,28.41,2.26,89.56,Aus,0.96
6/22/2018,37.41,28.27,2.4,90.94,Aus,0.96
6/23/2018,39.0,28.06,3.17,90.39,Aus,0.98
6/24/2018,52.89,28.01,3.59,93.23,Aus,0.99
6/25/2018,39.49,28.49,3.37,90.93,Aus,0.99
6/26/2018,33.7,27.47,2.4,90.57,Aus,0.98
6/27/2018,14.05,27.97,,89.64,Aus,0.98
6/28/2018,17.65,27.92,4.08,88.07,Aus,0.97
6/29/2018,5.99,28.01,3.11,88.6,Aus,0.96
6/30/2018,28.07,28.27,3.75,87.64,Aus,0.96
7/1/2018,11.63,28.5,3.43,88.57,Aus,0.96
7/2/2018,23.41,28.5,4.1,89.01,Aman,0.95
7/3/2018,33.0,27.97,4.44,91.78,Aman,0.98
7/4/2018,50.0,27.87,3.7,92.04,Aman,0.99
7/5/2018,33.78,28.52,2.62,87.56,Aman,0.99
7/6/2018,24.69,28.69,2.28,87.32,Aman,0.98
7/7/2018,8.86,28.73,2.93,87.56,Aman,0.98
7/8/2018,6.02,28.74,4.39,87.58,Aman,0.98
7/9/2018,10.54,28.72,3.61,87.42,Aman,0.97
7/10/2018,21.02,28.66,3.43,88.93,Aman,0.96
7/11/2018,11.4,28.71,2.91,88.21,Aman,0.95
7/12/2018,5.11,28.81,2.91,87.92,Aman,0.95
7/13/2018,6.92,28.85,2.55,88.63,Aman,0.95
7/14/2018,4.28,28.87,3.49,88.6,Aman,0.94
7/15/2018,17.02,28.96,3.95,88.7,Aman,0.93
7/16/2018,31.27,28.8,4.31,87.84,Aman,0.93
7/17/2018,30.74,28.9,3.68,87.61,Aman,0.95
7/18/2018,17.47,29.23,2.42,86.47,Aman,0.96
7/19/2018,3.85,29.84,1.44,85.28,Aman,0.96
7/20/2018,22.93,29.33,2.65,88.56,Aman,0.95
7/21/2018,54.63,28.6,4.723649895,90.79,Aman,0.95
7/22/2018,44.02,28.36,,89.35,Aman,0.97
7/23/2018,38.38,28.51,3.69,90.28,Aman,0.98
7/24/2018,,28.51,2.93,91.64,Aman,0.99
7/25/2018,,27.84,2.9,93.19,Aman,0.99
7/26/2018,,27.45,3.18,93.34,Aman,0.99
7/27/2018,52.0,27.76,3.65,91.09,Aman,1.0
7/28/2018,51.0,27.81,3.09,91.17,Aman,1.0
7/29/2018,,27.94,3.05,91.33,Aman,0.99
7/30/2018,39.87,28.19,2.86,89.73,Aman,0.98
7/31/2018,,27.82,2.33,119.4538981,Aman,0.98
8/1/2018,32.0,27.16,4.66,91.08,Aman,0.98
8/2/2018,29.59,27.74,3.95,88.99,Aman,0.99
8/3/2018,26.35,28.11,3.39,89.06,Aman,0.98
8/4/2018,11.33,28.65,2.11,87.73,Aman,0.98
8/5/2018,15.7,28.6,2.47,90.07,Aman,0.98
8/6/2018,25.93,27.75,2.87,91.25,Aman,0.98
8/7/2018,4.02,28.18,3.87,88.7,Aman,0.97
8/8/2018,4.58,28.31,3.43,87.11,Aman,0.96
8/9/2018,4.44,28.35,2.62,86.59,Aman,0.95
8/10/2018,2.94,28.74,1.97,85.53,Aman,0.95
8/11/2018,4.58,28.35,2.81,89.07,Aman,0.95
8/12/2018,3.32,28.92,2.69,85.92,Aman,0.95
8/13/2018,7.78,28.58,2.51,88.67,Aman,0.95
8/14/2018,11.7,28.59,3.15,90.12,Aman,0.95
8/15/2018,4.31,28.73,4.56,87.55,Aman,0.94
8/16/2018,6.1,28.69,3.48,87.67,Aman,0.93
8/17/2018,13.88,28.42,1.76,86.08,Aman,0.93
8/18/2018,5.5,28.53,1.43,88.06,Aman,0.93
8/19/2018,32.25,28.0,2.77,90.45,Aman,0.95
8/20/2018,48.77,28.73,4.16,90.0,Aman,0.96
8/21/2018,13.62,28.46,3.44,89.48,Aman,0.96
8/22/2018,14.33,29.04,2.34,87.63,Aman,0.96
8/23/2018,21.06,28.57,2.33,45.17612203,Aman,0.96
8/24/2018,16.05,28.26,2.45,90.74,Aman,0.96
8/25/2018,16.51,28.43,2.73,89.5,Aman,0.95
8/26/2018,10.2,28.49,2.8,87.0,Aman,0.95
8/27/2018,11.76,28.56,4.14,87.93,Aman,0.95
8/28/2018,15.06,28.4,3.36,89.2,Aman,0.95
8/29/2018,12.93,28.44,3.39,87.27,Aman,0.94
8/30/2018,19.77,28.05,2.7,89.68,Aman,0.95
8/31/2018,29.02,28.72,2.35,88.79,Aman,0.95
9/1/2018,33.74,28.05,0.397345591,90.11,Aman,0.96
9/2/2018,34.1,28.04,3.51,90.87,Aman,0.96
9/3/2018,12.86,28.28,2.25,89.19,Aman,0.97
9/4/2018,24.07,28.61,1.52,85.78,Aman,0.97
9/5/2018,16.59,27.85,3.57,88.94,Aman,0.97
9/6/2018,23.66,27.77,,89.12,Aman,0.97
9/7/2018,11.51,27.75,3.86,87.11,Aman,0.96
9/8/2018,7.06,28.08,2.67,85.76,Aman,0.95
9/9/2018,4.82,27.81,2.11,87.06,Aman,0.95
9/10/2018,12.46,28.16,2.68,86.18,Aman,0.95
9/11/2018,21.42,28.2,2.72,88.17,Aman,0.95
9/12/2018,51.41,27.98,2.2,90.65,Aman,0.96
9/13/2018,17.79,28.31,1.7,89.23,Aman,0.98
9/14/2018,8.13,28.4,1.41,85.69,Aman,0.98
9/15/2018,2.87,29.04,0.7,80.38,Aman,0.98
9/16/2018,3.13,28.23,1.38,85.55,Aman,0.98
9/17/2018,1.68,28.99,1.42,84.0,Aman,0.97
9/18/2018,1.85,28.97,1.55,85.78,Aman,0.97
9/19/2018,2.87,28.45,1.45,87.74,Aman,0.96
9/20/2018,27.86,28.15,4.52,89.03,Aman,0.96
9/21/2018,12.41,27.83,3.52,91.56,Aman,0.95
9/22/2018,2.37,28.26,1.03,82.11,Aman,0.95
9/23/2018,1.08,27.81,1.66,85.7,Aman,0.95
9/24/2018,3.19,27.98,1.85,84.82,Aman,0.94
9/25/2018,22.23,28.24,2.01,87.39,Aman,0.95
9/26/2018,21.61,28.34,1.72,86.74,Aman,0.95
9/27/2018,16.88,28.16,1.55,87.92,Aman,0.95
9/28/2018,8.54,28.38,1.05,82.91,Aman,0.95
9/29/2018,5.24,29.08,1.02,80.78,Aman,0.94
9/30/2018,2.89,28.83,1.27,82.92,Aman,0.94
10/1/2018,2.61,15.13581398,1.36,79.72,Aman,0.94
10/2/2018,0.02,28.4,1.52,77.46,Aman,0.93
10/3/2018,0.11,28.52,1.53,77.84,Aman,0.92
10/4/2018,0.33,28.84,1.54,75.39,Aman,0.91
10/5/2018,0.11,28.77,0.99,72.21,Aman,0.91
10/6/2018,0.45,28.75,0.97,72.69,Aman,0.9
10/7/2018,0.21,28.65,1.06,69.97,Aman,0.89
10/8/2018,0.18,14.23350076,1.05,71.19,Aman,0.88
10/9/2018,17.13,26.97,1.58,82.07,Aman,0.89
10/10/2018,43.0,25.92,3.3,90.74,Aman,0.91
10/11/2018,35.0,26.87,3.14,89.71,Aman,0.95
10/12/2018,38.36,27.1,2.53,86.22,Aman,0.96
10/13/2018,6.28,26.95,3.44,88.5,Aman,0.96
10/14/2018,13.78,26.52,2.5,85.5,Aman,0.96
10/15/2018,0.76,26.8,1.23,73.33,Aman,0.95
10/16/2018,0.04,26.13,1.42,73.8,Aman,0.95
10/17/2018,0.0,25.8,1.34,70.7,Aman,0.94
10/18/2018,0.05,26.29,0.98,69.45,Aman,0.94
10/19/2018,0.21,27.21,0.77,72.8,Aman,0.93
10/20/2018,0.56,27.58,1.0,70.72,Aman,0.92
10/21/2018,1.94,27.37,1.26,72.18,Aman,0.91
10/22/2018,0.11,26.51,1.45,74.35,Aman,0.91
10/23/2018,,25.84,1.83,78.06,Aman,0.91
10/24/2018,0.3,25.78,1.7,76.85,Aman,0.9
10/25/2018,0.01,25.16,1.8,73.98,Aman,0.89
10/26/2018,,24.35,1.89,67.42,Aman,0.88
10/27/2018,0.05,24.93,1.28,67.04,Aman,0.88
10/28/2018,3.77,25.28,1.58,76.89,Aman,0.88
10/29/2018,8.95,24.7,2.06,83.9,Aman,0.88
10/30/2018,12.17,23.79,2.63,91.23,Aman,0.88
10/31/2018,4.03,25.28,1.16,80.27,Aman,0.88
11/1/2018,0.04,25.76,1.55,80.42,Aman,0.87
11/2/2018,2.02,25.71,0.97,79.43,Boro,0.86
11/3/2018,3.2,25.63,1.09,80.72,Boro,0.86
11/4/2018,1.18,25.81,1.07,78.7,Boro,0.85
11/5/2018,1.53,25.58,1.62,83.58,Boro,0.85
11/6/2018,3.42,25.78,1.49,81.78,Boro,0.84
11/7/2018,4.34,25.85,1.46,81.36,Boro,0.85
11/8/2018,,24.45,1.87,76.85,Boro,0.84
11/9/2018,0.0,23.96,1.45,67.54,Boro,0.84
11/10/2018,0.0,24.37,0.96,60.51,Boro,0.84
11/11/2018,,23.77,1.61,69.41,Boro,0.83
11/12/2018,0.0,23.41,1.68,34.65885875,Boro,0.83
11/13/2018,0.0,24.21,1.43,68.79,Boro,0.82
11/14/2018,0.0,24.34,1.01,64.75,Boro,0.81
11/15/2018,0.0,24.36,1.03,68.79,Boro,0.81
11/16/2018,,24.7,1.26,72.17,Boro,0.8
11/17/2018,0.01,24.2,1.71,74.86,Boro,0.8
11/18/2018,0.06,22.9,1.81,76.91,Boro,0.8
11/19/2018,,22.47,1.81,71.53,Boro,0.79
11/20/2018,0.0,23.07,1.13,64.48,Boro,0.79
11/21/2018,0.0,22.8,1.64,69.53,Boro,0.78
11/22/2018,0.0,22.47,0.532963083,68.68,Boro,0.77
11/23/2018,0.0,22.41,1.43,70.7,Boro,0.77
11/24/2018,,22.18,1.52,70.92,Boro,0.77
11/25/2018,0.0,22.46,1.2,70.81,Boro,0.77
11/26/2018,,22.35,0.97,40.12633721,Boro,0.76
11/27/2018,0.07,22.66,0.88,72.68,Boro,0.75
11/28/2018,,22.81,0.77,73.52,Boro,0.75
11/29/2018,0.07,22.79,1.05,67.67,Boro,0.74
11/30/2018,,22.51,0.99,65.8,Boro,0.74
12/1/2018,,22.88,0.74,60.4,Boro,0.73
12/2/2018,0.07,22.59,1.1,61.74,Boro,0.73
12/3/2018,,21.62,1.73,66.22,Boro,0.73
12/4/2018,,21.23,1.76,67.46,Boro,0.72
12/5/2018,,13.06044178,1.9,69.58,Boro,0.72
12/6/2018,,20.85,1.78,70.4,Boro,0.71
12/7/2018,,19.99,1.88,67.26,Boro,0.71
12/8/2018,,19.09,2.19,67.65,Boro,0.7
12/9/2018,0.07,19.38,1.61,65.67,Boro,0.7
12/10/2018,,12.55117203,1.49,65.13,Boro,0.7
12/11/2018,,21.03,1.16,64.7,Boro,0.7
12/12/2018,,20.82,1.36,68.21,Boro,0.69
12/13/2018,,21.32,1.52,66.29,Boro,0.68
12/14/2018,,20.91,1.93,67.77,Boro,0.68
12/15/2018,,20.65,2.37,64.73,Boro,0.67
12/16/2018,0.46,20.24,2.92,72.02,Boro,0.67
12/17/2018,12.56,20.27,3.17,86.75,Boro,0.67
12/18/2018,12.48,21.58,2.32,88.82,Boro,0.68
12/19/2018,1.1,19.2,3.23,79.74,Boro,0.7
12/20/2018,0.01,17.64,2.32,72.68,Boro,0.69
12/21/2018,0.01,17.51,1.87,70.54,Boro,0.69
12/22/2018,0.0,17.53,2.16,73.82,Boro,0.68
12/23/2018,0.0,17.98,2.14,73.22,Boro,0.68
12/24/2018,0.0,18.38,1.79,72.75,Boro,0.67
12/25/2018,0.0,18.13,1.56,63.71,Boro,0.67
12/26/2018,0.0,16.68,1.98,47.66502651,Boro,0.66
12/27/2018,0.0,16.46,1.9,59.15,Boro,0.66
12/28/2018,0.0,16.02,2.37,59.68,Boro,0.66
12/29/2018,0.0,15.15,2.34,59.33,Boro,0.66
12/30/2018,0.0,16.21,2.71,68.8,Boro,0.65
12/31/2018,0.0,17.93,1.59,69.37,Boro,0.65
1/1/2019,0.0,18.64,1.56,68.04,Boro,0.64
1/2/2019,0.0,18.87,1.48,65.24,Boro,0.64
1/3/2019,0.0,18.61,1.35,61.42,Boro,0.63
1/4/2019,0.0,16.64,2.2,63.17,Boro,0.63
1/5/2019,0.0,17.41,2.06,64.14,Boro,0.62
1/6/2019,0.0,19.1,5.074556876,59.91,Boro,0.62
1/7/2019,0.0,19.91,1.22,47.64102381,Boro,0.62
1/8/2019,0.0,19.58,1.65,62.14,Boro,0.62
1/9/2019,0.0,19.7,1.27,60.96,Boro,0.61
1/10/2019,0.0,18.28,1.69,64.55,Boro,0.61
1/11/2019,0.0,18.08,1.79,54.62,Boro,0.6
1/12/2019,0.0,18.23,1.43,56.63,Boro,0.6
1/13/2019,0.0,19.13,1.48,61.09,Boro,0.59
1/14/2019,0.0,18.81,1.69,62.09,Boro,0.59
1/15/2019,0.0,18.16,2.48,61.36,Boro,0.59
1/16/2019,0.0,18.0,1.86,55.44,Boro,0.59
1/17/2019,0.0,17.64,1.46,54.78,Boro,0.59
1/18/2019,0.0,18.21,1.29,56.2,Boro,0.58
1/19/2019,0.0,18.19,1.74,55.21,Boro,0.58
1/20/2019,0.0,18.45,1.52,55.06,Boro,0.57
1/21/2019,0.0,19.87,1.33,56.47,Boro,0.57
1/22/2019,0.0,20.99,1.0,55.76,Boro,0.56
1/23/2019,0.0,20.9,1.16,58.86,Boro,0.56
1/24/2019,0.0,21.01,1.35,59.04,Boro,0.55
1/25/2019,0.0,21.54,1.45,58.66,Boro,0.55
1/26/2019,0.0,21.8,1.36,56.64,Boro,0.55
1/27/2019,0.0,21.98,1.23,56.81,Boro,0.55
1/28/2019,0.0,21.41,1.91,63.37,Boro,0.54
1/29/2019,0.0,20.46,2.73,59.39,Boro,0.54
1/30/2019,0.0,17.86,2.46,46.96,Boro,0.54
1/31/2019,0.0,19.26,1.6,48.89,Boro,0.53
2/1/2019,0.0,20.39,1.44,48.69,Boro,0.53
2/2/2019,0.0,20.39,1.38,55.01,Boro,0.52
2/3/2019,0.0,21.18,1.65,50.58,Boro,0.52
2/4/2019,0.0,21.04,1.83,48.36,Boro,0.52
2/5/2019,0.0,21.22,1.55,44.61,Boro,0.52
2/6/2019,0.0,21.61,0.99,44.15,Boro,0.51
2/7/2019,0.0,22.52,1.2,54.5,Boro,0.51
2/8/2019,0.0,22.86,1.41,59.36,Boro,0.5
2/9/2019,0.07,23.22,2.02,59.7,Boro,0.5
2/10/2019,0.06,21.12,3.14,53.2,Boro,0.5
2/11/2019,0.0,19.6,2.48,42.28,Boro,0.49
2/12/2019,0.0,20.98,1.87,43.6,Boro,0.49
2/13/2019,0.0,22.05,1.64,45.21,Boro,0.48
2/14/2019,0.0,23.36,1.53,42.16,Boro,0.48
2/15/2019,0.0,23.85,1.54,44.63,Boro,0.48
2/16/2019,0.05,23.66,1.69,51.89,Boro,0.48
2/17/2019,6.14,22.79,2.03,65.08,Boro,0.48
2/18/2019,1.25,22.4,1.18,65.17,Boro,0.48
2/19/2019,1.24,23.54,1.39,67.66,Boro,0.48
2/20/2019,0.04,24.32,1.7,66.4,Boro,0.48
2/21/2019,0.46,25.26,1.1,61.57,Boro,0.48
2/22/2019,0.68,25.31,1.89,63.9,Boro,0.47
2/23/2019,0.79,25.7,2.17,38.59109801,Boro,0.47
2/24/2019,2.65,25.79,5.520452993,67.51,Boro,0.47
2/25/2019,38.0,24.41,1.16,79.23,Boro,0.47
2/26/2019,40.0,23.34,1.45,76.81,Boro,0.51
2/27/2019,15.93,23.69,1.82,79.02,Boro,0.52
2/28/2019,,23.07,1.52,117.8132692,Boro,0.55
3/1/2019,1.21,21.13,2.56,71.83,Boro,0.57
3/2/2019,0.0,20.29,2.57,54.55,Aus,0.57
3/3/2019,0.0,21.12,2.03,53.87,Aus,0.56
3/4/2019,1.64,22.47,1.74,74.39,Aus,0.55
3/5/2019,15.81,24.02,3.47,87.88,Aus,0.56
3/6/2019,2.01,24.83,0.99,76.67,Aus,0.56
3/7/2019,0.23,24.61,0.84,75.21,Aus,0.56
3/8/2019,0.0,23.44,1.64,65.72,Aus,0.55
3/9/2019,0.0,23.3,1.71,67.68,Aus,0.55
3/10/2019,0.0,23.71,2.17,79.9,Aus,0.55
3/11/2019,0.0,24.86,1.4,81.45,Aus,0.54
3/12/2019,0.57,39.06561633,1.78,78.17,Aus,0.53
3/13/2019,0.31,26.53,1.67,75.68,Aus,0.53
3/14/2019,0.24,26.55,1.22,73.85,Aus,0.52
3/15/2019,0.43,27.21,1.48,40.2430439,Aus,0.52
3/16/2019,2.1,27.19,1.74,67.81,Aus,0.52
3/17/2019,4.96,27.43,1.48,67.2,Aus,0.52
3/18/2019,9.64,25.68,2.08,68.98,Aus,0.52
3/19/2019,3.15,25.55,2.32,71.01,Aus,0.53
3/20/2019,22.43,25.61,1.96,119.3074425,Aus,0.52
3/21/2019,3.02,26.19,2.45,78.03,Aus,0.52
3/22/2019,8.24,26.58,2.71,80.11,Aus,0.52
3/23/2019,4.94,27.0,1.8,76.99,Aus,0.52
3/24/2019,0.26,26.87,1.34,65.49,Aus,0.52
3/25/2019,0.01,26.69,1.23,43.15066167,Aus,0.51
3/26/2019,0.06,27.5,1.36,60.82,Aus,0.51
3/27/2019,1.13,26.79,1.88,61.3,Aus,0.5
3/28/2019,0.39,27.0,1.56,66.22,Aus,0.5
3/29/2019,0.03,27.03,2.17,69.54,Aus,0.49
3/30/2019,4.84,27.14,2.81,128.4406684,Aus,0.49
3/31/2019,21.8,27.54,3.46,80.17,Aus,0.48
4/1/2019,22.02,27.19,3.4,83.07,Aus,0.52
4/2/2019,2.54,27.5,3.18,79.66,Aus,0.52
4/3/2019,2.12,27.32,3.16,79.94,Aus,0.53
4/4/2019,0.63,27.15,2.98,81.3,Aus,0.52
4/5/2019,2.15,27.61,2.77,78.86,Aus,0.52
4/6/2019,8.16,27.04,1.81,79.8,Aus,0.52
4/7/2019,20.55,26.5,1.62,73.5,Aus,0.52
4/8/2019,12.55,38.82692728,2.66,78.17,Aus,0.52
4/9/2019,20.88,27.13,2.96,81.0,Aus,0.53
4/10/2019,17.94,26.69,2.45,83.56,Aus,0.55
4/11/2019,0.87,27.25,1.57,113.4719531,Aus,0.55
4/12/2019,0.01,27.68,1.45,77.55,Aus,0.54
4/13/2019,0.01,28.66,1.39,72.1,Aus,0.53
4/14/2019,0.01,28.65,1.95,74.5,Aus,0.53
4/15/2019,0.05,28.72,2.6,79.04,Aus,0.52
4/16/2019,1.33,28.84,2.42,78.63,Aus,0.52
4/17/2019,1.54,29.92,1.17,71.18,Aus,0.52
4/18/2019,0.22,30.18,1.59,61.16,Aus,0.51
4/19/2019,0.23,29.68,1.85,64.49,Aus,0.51
4/20/2019,0.2,29.52,2.2,61.47,Aus,0.5
4/21/2019,0.61,29.17,1.91,63.71,Aus,0.49
4/22/2019,6.64,28.63,1.41,62.66,Aus,0.49
4/23/2019,0.04,28.87,1.43,63.38,Aus,0.48
4/24/2019,0.16,29.67,1.45,62.09,Aus,0.48
4/25/2019,0.18,29.98,2.15,61.93,Aus,0.48
4/26/2019,0.08,30.07,2.61,65.87,Aus,0.48
4/27/2019,0.98,30.44,3.34,70.47,Aus,0.47
4/28/2019,0.8,30.35,4.24,73.21,Aus,0.47
4/29/2019,0.23,30.4,4.61,72.82,Aus,0.46
4/30/2019,0.45,30.13,4.43,72.91,Aus,0.46
5/1/2019,2.44,30.22,4.65,72.72,Aus,0.45
5/2/2019,5.65,30.24,3.32,73.29,Aus,0.45
5/3/2019,34.51,29.47,5.7,79.38,Aus,0.46
5/4/2019,46.07,28.72,7.27,81.79,Aus,0.5
5/5/2019,3.45,28.66,2.31,79.88,Aus,0.51
5/6/2019,0.88,29.45,2.61,77.53,Aus,0.5
5/7/2019,0.2,29.42,3.25,78.1,Aus,0.49
5/8/2019,0.78,29.65,3.19,80.29,Aus,0.49
5/9/2019,0.12,29.86,4.01,79.9,Aus,0.48
5/10/2019,0.46,30.24,4.05,79.74,Aus,0.48
5/11/2019,1.94,29.84,3.51,81.25,Aus,0.48
5/12/2019,2.13,29.43,3.13,81.44,Aus,0.48
5/13/2019,4.41,29.54,3.11,80.21,Aus,0.48
5/14/2019,15.21,29.53,2.09,79.71,Aus,0.49
5/15/2019,6.05,29.84,2.1,74.96,Aus,0.5
5/16/2019,2.89,29.84,2.68,74.7,Aus,0.5
5/17/2019,7.74,29.73,3.44,78.95,Aus,0.52
5/18/2019,8.24,29.84,3.51,82.16,Aus,0.53
5/19/2019,11.86,29.81,2.53,82.95,Aus,0.54
5/20/2019,4.13,30.03,1.85,78.62,Aus,0.53
5/21/2019,4.6,29.71,2.24,79.97,Aus,0.53
5/22/2019,9.64,29.65,3.15,79.36,Aus,0.53
5/23/2019,30.0,28.73,2.63,85.92,Aus,0.55
5/24/2019,23.0,29.16,3.44,87.17,Aus,0.58
5/25/2019,37.78,28.76,3.49,86.32,Aus,0.66
5/26/2019,34.61,28.96,2.42,88.14,Aus,0.72
5/27/2019,2.24,29.27,2.33,88.42,Aus,0.73
5/28/2019,0.69,29.52,2.21,83.74,Aus,0.73
5/29/2019,0.74,29.56,2.14,83.48,Aus,0.72
5/30/2019,1.29,29.42,2.68,83.4,Aus,0.71
5/31/2019,12.15,29.71,2.88,82.97,Aus,0.71
6/1/2019,26.58,29.17,2.56,84.86,Aus,0.71
6/2/2019,12.95,29.16,2.35,82.83,Aus,0.73
6/3/2019,26.53,28.76,2.24,83.65,Aus,0.73
6/4/2019,36.32,28.87,2.9,84.5,Aus,0.75
6/5/2019,37.0,28.37,3.5,90.98,Aus,0.78
6/6/2019,45.0,28.0,0.540179597,91.57,Aus,0.8
6/7/2019,46.0,28.02,3.14,88.24,Aus,0.8
6/8/2019,18.94,28.06,2.28,88.57,Aus,0.8
6/9/2019,12.9,28.62,1.94,88.99,Aus,0.81
6/10/2019,3.69,28.9,1.88,86.4,Aus,0.82
6/11/2019,0.12,28.94,2.41,86.95,Aus,0.82
6/12/2019,0.38,29.8,1.67,112.3738706,Aus,0.81
6/13/2019,2.53,29.89,1.6,86.79,Aus,0.8
6/14/2019,3.58,29.41,3.06,90.01,Aus,0.8
6/15/2019,10.28,29.22,3.49,92.05,Aus,0.82
6/16/2019,7.31,29.04,3.34,90.32,Aus,0.84
6/17/2019,15.7,29.33,3.11,91.24,Aus,0.84
6/18/2019,10.96,29.04,1.5,86.92,Aus,0.84
6/19/2019,5.17,28.99,2.04,89.09,Aus,0.84
6/20/2019,4.77,28.91,2.39,87.05,Aus,0.84
6/21/2019,7.7,29.12,3.61,85.93,Aus,0.84
6/22/2019,16.01,29.11,3.91,87.22,Aus,0.84
6/23/2019,2.73,29.55,2.31,83.58,Aus,0.84
6/24/2019,1.62,29.95,2.1,83.27,Aus,0.84
6/25/2019,11.57,29.59,2.63,85.61,Aus,0.83
6/26/2019,4.05,29.51,3.76,86.71,Aus,0.83
6/27/2019,5.74,29.67,4.05,83.41,Aus,0.84
6/28/2019,16.54,29.71,2.87,87.48,Aus,0.84
6/29/2019,37.0,28.78,3.06,90.09,Aus,0.85
6/30/2019,43.16,29.36,3.24,89.32,Aus,0.87
7/1/2019,20.99,29.0,,87.7,Aus,0.89
7/2/2019,27.96,29.21,,89.49,Aman,0.89
7/3/2019,12.95,29.24,3.29,85.31,Aman,0.88
7/4/2019,33.96,29.19,3.1,87.77,Aman,0.89
7/5/2019,23.0,28.76,3.03,89.93,Aman,0.9
7/6/2019,,28.4,,90.48,Aman,0.91
7/7/2019,12.0,28.61,,90.25,Aman,0.95
7/8/2019,,28.56,4.58,91.89,Aman,0.98
7/9/2019,,28.35,4.82,92.39,Aman,0.99
7/10/2019,12.0,28.25,4.5,93.55,Aman,0.99
7/11/2019,,27.93,4.32,93.85,Aman,1.0
7/12/2019,44.19,27.93,4.19,93.73,Aman,0.99
7/13/2019,23.0,27.96,4.06,94.09,Aman,1.0
7/14/2019,41.55,28.07,3.93,93.6,Aman,0.99
7/15/2019,24.44,28.67,3.17,92.19,Aman,0.99
7/16/2019,6.36,28.63,2.53,92.07,Aman,0.98
7/17/2019,1.25,28.75,1.53,88.52,Aman,0.98
7/18/2019,11.81,28.33,1.84,87.33,Aman,0.98
7/19/2019,19.74,28.45,2.53,89.02,Aman,0.98
7/20/2019,2.37,28.9,2.4,86.12,Aman,0.98
7/21/2019,4.22,28.9,2.24,87.59,Aman,0.97
7/22/2019,34.04,11.92943721,2.65,87.3,Aman,0.96
7/23/2019,11.75,28.12,2.28,88.23,Aman,0.96
7/24/2019,21.81,28.31,2.96,91.02,Aman,0.97
7/25/2019,39.59,28.27,2.61,90.34,Aman,0.97
7/26/2019,23.0,28.11,3.2,90.12,Aman,0.98
7/27/2019,46.86,28.18,3.71,90.49,Aman,0.98
7/28/2019,17.53,28.32,,89.03,Aman,0.98
7/29/2019,22.84,28.08,,89.23,Aman,0.98
7/30/2019,23.4,27.82,3.68,89.97,Aman,0.98
7/31/2019,35.76,28.19,3.31,89.34,Aman,0.98
8/1/2019,21.15,28.27,2.91,88.91,Aman,0.98
8/2/2019,7.57,27.9,2.79,89.71,Aman,0.98
8/3/2019,18.1,36.52705517,2.37,87.82,Aman,0.97
8/4/2019,16.01,29.09,1.67,86.89,Aman,0.97
8/5/2019,14.7,29.7,1.61,89.37,Aman,0.96
8/6/2019,18.37,29.05,3.29,91.87,Aman,0.95
8/7/2019,43.0,28.29,,90.39,Aman,0.95
8/8/2019,48.47,28.17,,89.69,Aman,0.98
8/9/2019,39.17,28.68,2.74,88.99,Aman,0.98
8/10/2019,28.83,29.07,1.51,86.05,Aman,0.99
8/11/2019,31.24,29.5,0.93,85.14,Aman,0.98
8/12/2019,63.0,28.51,3.05,91.04,Aman,0.98
8/13/2019,46.0,28.15,5.53,90.0,Aman,0.99
8/14/2019,48.0,28.08,4.02,114.6086367,Aman,0.99
8/15/2019,54.66,28.27,2.98,91.67,Aman,0.99
8/16/2019,19.09,28.35,2.51,91.53,Aman,0.99
8/17/2019,80.0,27.82,2.73,91.53,Aman,0.98
8/18/2019,42.42,27.37,4.17,89.89,Aman,0.98
8/19/2019,5.66,28.47,2.31,86.3,Aman,0.98
8/20/2019,12.35,28.86,1.77,84.9,Aman,0.97
8/21/2019,9.84,28.84,1.51,86.23,Aman,0.96
8/22/2019,21.04,28.88,1.65,83.83,Aman,0.96
8/23/2019,9.21,28.2,2.9,87.63,Aman,0.96
8/24/2019,23.46,27.64,2.8,91.58,Aman,0.96
8/25/2019,26.75,27.79,3.64,90.52,Aman,0.96
8/26/2019,16.46,27.64,2.43,91.8,Aman,0.95
8/27/2019,4.93,28.46,2.45,86.57,Aman,0.95
8/28/2019,5.28,28.08,2.13,88.56,Aman,0.95
8/29/2019,3.12,28.68,2.56,86.71,Aman,0.94
8/30/2019,1.71,29.06,1.28,82.38,Aman,0.93
8/31/2019,11.13,29.21,1.17,83.48,Aman,0.93
9/1/2019,34.11,29.04,1.73,87.72,Aman,0.94
9/2/2019,8.03,28.72,2.88,86.48,Aman,0.94
9/3/2019,20.57,38.74109672,3.32,89.71,Aman,0.93
9/4/2019,19.23,28.67,3.45,90.42,Aman,0.93
9/5/2019,13.52,28.48,,89.62,Aman,0.92
9/6/2019,21.94,28.59,,88.6,Aman,0.92
9/7/2019,34.78,28.55,,89.95,Aman,0.92
9/8/2019,47.41,28.45,3.7,89.22,Aman,0.95
9/9/2019,43.86,28.71,3.43,90.56,Aman,0.96
9/10/2019,53.46,28.61,3.06,92.09,Aman,0.98
9/11/2019,23.0,28.34,3.33,92.73,Aman,0.98
9/12/2019,23.0,27.97,4.34,91.33,Aman,0.98
9/13/2019,30.57,27.65,3.45,91.42,Aman,0.99
9/14/2019,10.19,27.91,2.33,88.55,Aman,0.99
9/15/2019,3.53,38.98429175,2.13,46.60694015,Aman,0.98
9/16/2019,2.93,28.05,1.78,88.7,Aman,0.98
9/17/2019,1.6,28.92,1.45,83.41,Aman,0.97
9/18/2019,6.02,28.84,1.66,113.1186376,Aman,0.97
9/19/2019,2.42,29.28,1.06,80.5,Aman,0.96
9/20/2019,10.11,28.71,1.15,83.78,Aman,0.96
9/21/2019,15.87,28.82,1.09,83.27,Aman,0.96
9/22/2019,10.16,28.9,1.42,82.65,Aman,0.96
9/23/2019,21.15,27.65,2.37,117.5866826,Aman,0.96
9/24/2019,35.55,27.56,2.29,91.85,Aman,0.97
9/25/2019,15.94,27.09,1.86,88.85,Aman,0.97
9/26/2019,16.45,27.39,0.93,82.21,Aman,0.97
9/27/2019,8.2,27.15,1.3,84.73,Aman,0.96
9/28/2019,8.0,26.97,0.86,84.59,Aman,0.95
9/29/2019,31.68,26.62,0.8,85.15,Aman,0.95
9/30/2019,26.5,26.83,1.75,86.33,Aman,0.96
10/1/2019,47.74,26.64,5.401957063,90.17,Aman,0.97
10/2/2019,46.58,38.39906006,1.48,86.26,Aman,0.98
10/3/2019,30.25,27.53,1.76,89.0,Aman,0.97
10/4/2019,3.1,40.19298235,1.22,85.3,Aman,0.97
10/5/2019,7.58,27.55,1.17,86.27,Aman,0.96
10/6/2019,7.96,27.7,1.22,85.31,Aman,0.96
10/7/2019,7.31,26.89,1.32,86.17,Aman,0.97
10/8/2019,26.62,27.1,1.49,84.71,Aman,0.97
10/9/2019,23.0,26.17,1.4,88.89,Aman,0.97
10/10/2019,12.0,26.25,2.06,88.9,Aman,0.98
10/11/2019,30.52,27.14,1.361253056,82.31,Aman,0.98
10/12/2019,4.81,27.64,0.83,77.97,Aman,0.98
10/13/2019,0.02,27.11,1.61,79.64,Aman,0.98
10/14/2019,0.08,26.9,1.78,80.25,Aman,0.97
10/15/2019,0.85,27.32,1.11,78.28,Aman,0.96
10/16/2019,6.28,38.05290526,0.8,78.12,Aman,0.96
10/17/2019,2.94,27.89,1.17,79.86,Aman,0.95
10/18/2019,2.89,28.11,1.43,81.28,Aman,0.95
10/19/2019,0.46,27.72,1.66,81.97,Aman,0.95
10/20/2019,0.17,27.48,1.89,83.4,Aman,0.94
10/21/2019,1.29,27.36,1.66,81.88,Aman,0.93
10/22/2019,0.91,27.46,1.41,81.97,Aman,0.92
10/23/2019,34.42,27.16,1.16,84.25,Aman,0.92
10/24/2019,11.72,24.52,3.01,88.21,Aman,0.91
10/25/2019,39.7,26.17,2.47,88.56,Aman,0.91
10/26/2019,33.0,26.99,2.4,90.19,Aman,0.91
10/27/2019,16.47,26.26,1.15,87.08,Aman,0.92
10/28/2019,3.17,25.02,2.39,87.27,Aman,0.92
10/29/2019,2.3,24.67,2.0,82.97,Aman,0.91
10/30/2019,2.89,25.01,2.0,81.6,Aman,0.91
10/31/2019,,25.1,,78.75,Aman,0.9
11/1/2019,2.78,12.02279353,2.0,80.23,Aman,0.89
11/2/2019,,25.46,,83.57,Boro,0.88
11/3/2019,3.67,25.68,2.0,82.29,Boro,0.88
11/4/2019,,26.02,,82.28,Boro,0.88
11/5/2019,,26.0,,77.31,Boro,0.87
11/6/2019,,25.16,,81.73,Boro,0.86
11/7/2019,4.14,25.16,1.7,76.5,Boro,0.86
11/8/2019,,24.68,2.78,89.75,Boro,0.86
11/9/2019,33.0,25.69,5.37,93.63,Boro,0.88
11/10/2019,55.0,26.27,3.6,92.83,Boro,0.91
11/11/2019,10.59,24.41,1.470533095,90.36,Boro,0.95
11/12/2019,1.83,24.34,0.494754084,84.52,Boro,0.96
11/13/2019,0.0,23.78,1.77,84.03,Boro,0.95
11/14/2019,0.03,23.9,1.71,83.05,Boro,0.95
11/15/2019,0.02,23.93,1.76,83.73,Boro,0.95
11/16/2019,0.06,23.87,1.66,83.59,Boro,0.94
11/17/2019,0.02,23.46,1.52,80.45,Boro,0.93
11/18/2019,,23.55,1.4,78.04,Boro,0.92
11/19/2019,,23.24,1.48,76.77,Boro,0.92
11/20/2019,0.09,22.17,1.82,39.01733141,Boro,0.91
11/21/2019,0.08,22.07,1.64,73.79,Boro,0.91
11/22/2019,,22.47,1.35,77.41,Boro,0.91
11/23/2019,1.07,22.73,1.48,81.07,Boro,0.9
11/24/2019,,22.65,1.43,78.21,Boro,0.89
11/25/2019,,23.15,1.36,78.87,Boro,0.89
11/26/2019,7.12,23.98,1.12,76.92,Boro,0.88
11/27/2019,,23.62,1.17,78.82,Boro,0.88
11/28/2019,,23.79,1.22,80.09,Boro,0.88
11/29/2019,,23.53,1.24,83.2,Boro,0.87
11/30/2019,,23.28,0.915082888,82.19,Boro,0.86
12/1/2019,,21.99,2.11,83.39,Boro,0.86
12/2/2019,2.078,21.14,2.12,81.36,Boro,0.85
12/3/2019,,20.05,1.92,76.06,Boro,0.85
12/4/2019,,19.91,2.33,81.41,Boro,0.84
12/5/2019,,10.99964262,1.11,70.9,Boro,0.84
12/6/2019,0.0,22.83,0.84,67.72,Boro,0.84
12/7/2019,0.0,22.57,1.24,73.65,Boro,0.83
12/8/2019,0.0,23.1,0.95,71.58,Boro,0.83
12/9/2019,0.0,22.66,0.85,74.81,Boro,0.82
12/10/2019,0.0,21.18,1.37,75.24,Boro,0.81
12/11/2019,0.0,21.07,1.15,70.51,Boro,0.81
12/12/2019,0.0,20.98,1.73,72.53,Boro,0.8
12/13/2019,0.0,20.74,1.41,73.63,Boro,0.8
12/14/2019,0.0,21.13,1.32,74.71,Boro,0.8
12/15/2019,0.0,10.86545538,1.8,82.03,Boro,0.8
12/16/2019,0.0,20.44,2.05,84.73,Boro,0.79
12/17/2019,0.0,19.81,2.22,83.94,Boro,0.79
12/18/2019,0.0,18.22,3.0,83.04,Boro,0.78
12/19/2019,0.0,40.11758399,2.52,83.13,Boro,0.78
12/20/2019,0.0,15.55,1.92,79.45,Boro,0.77
12/21/2019,0.0,15.94,1.89,79.49,Boro,0.77
12/22/2019,0.07,15.86,2.37,83.07,Boro,0.77
12/23/2019,0.14,16.91,2.5,84.05,Boro,0.77
12/24/2019,0.68,17.08,2.53,81.41,Boro,0.76
12/25/2019,0.06,16.65,2.19,81.52,Boro,0.76
12/26/2019,0.59,17.81,2.21,82.4,Boro,0.75
12/27/2019,33.87,14.96,2.48,90.41,Boro,0.76
12/28/2019,0.29,14.85,2.78,82.5,Boro,0.77
12/29/2019,0.04,15.63,2.42,82.69,Boro,0.76
12/30/2019,0.08,16.41,1.61,83.78,Boro,0.76
12/31/2019,0.05,17.35,1.6,80.55,Boro,0.75
1/1/2020,0.1,19.14,1.51,73.97,Boro,0.75
1/2/2020,0.11,19.26,1.58,79.35,Boro,0.74
1/3/2020,65.2,18.31,2.06,89.89,Boro,0.77
1/4/2020,29.7,18.31,5.25073992,83.56,Boro,0.8
1/5/2020,3.07,18.44,1.88,87.07,Boro,0.82
1/6/2020,0.28,16.28,2.67,81.29,Boro,0.81
1/7/2020,0.05,15.76,2.09,78.92,Boro,0.81
1/8/2020,0.0,16.48,2.15,79.58,Boro,0.8
1/9/2020,0.64,17.52,1.79,80.18,Boro,0.8
1/10/2020,0.67,17.9,2.6,85.75,Boro,0.8
1/11/2020,0.62,15.56,2.88,84.69,Boro,0.8
1/12/2020,0.0,15.47,2.85,83.2,Boro,0.79
1/13/2020,0.0,12.46583208,1.85,76.46,Boro,0.79
1/14/2020,0.0,16.61,1.36,74.19,Boro,0.78
1/15/2020,0.0,17.81,1.61,80.72,Boro,0.78
1/16/2020,0.0,18.83,1.66,80.34,Boro,0.77
1/17/2020,,15.38749741,,73.33,Boro,0.77
1/18/2020,,21.02,,65.55,Boro,0.77
1/19/2020,,20.17,,73.28,Boro,0.76
1/20/2020,,18.13,,83.95,Boro,0.76
1/21/2020,,16.95,,73.79,Boro,0.75
1/22/2020,,16.58,,71.59,Boro,0.75
1/23/2020,,18.91,,40.79301046,Boro,0.74
1/24/2020,,18.09,,72.72,Boro,0.74
1/25/2020,,16.99,,65.06,Boro,0.73
1/26/2020,,16.98,,64.37,Boro,0.73
1/27/2020,,17.04,,125.0621409,Boro,0.73
1/28/2020,,18.62,,70.12,Boro,0.72
1/29/2020,0.97,19.33,1.05,76.11,Boro,0.72
1/30/2020,0.85,18.75,0.92,86.12,Boro,0.71
1/31/2020,0.01,18.95,1.43,82.38,Boro,0.71
2/1/2020,0.0,18.64,1.37,73.69,Boro,0.7
2/2/2020,0.0,18.23,1.81,69.47,Boro,0.7
2/3/2020,0.0,15.44370489,2.35,66.44,Boro,0.7
2/4/2020,0.0,16.28,2.34,63.65,Boro,0.7
2/5/2020,0.0,18.2,1.62,63.65,Boro,0.69
2/6/2020,0.08,19.3,1.7,66.9,Boro,0.68
2/7/2020,0.08,19.21,1.65,69.7,Boro,0.68
2/8/2020,0.28,18.61,0.351839253,71.06,Boro,0.67
2/9/2020,0.08,18.64,2.81,71.98,Boro,0.67
2/10/2020,0.46,17.7,2.33,63.3,Boro,0.66
2/11/2020,0.0,17.84,1.83,61.97,Boro,0.66
2/12/2020,0.0,17.94,2.13,62.29,Boro,0.66
2/13/2020,0.0,18.39,1.62,60.17,Boro,0.65
2/14/2020,0.0,19.81,1.39,34.19137216,Boro,0.65
2/15/2020,0.0,21.09,1.43,75.66,Boro,0.64
2/16/2020,0.0,21.25,0.72,64.72,Boro,0.64
2/17/2020,0.0,21.59,0.74,63.64,Boro,0.63
2/18/2020,0.0,21.32,1.23,64.72,Boro,0.62
2/19/2020,0.0,22.06,0.8,63.37,Boro,0.62
2/20/2020,0.0,22.29,0.98,66.96,Boro,0.62
2/21/2020,0.0,22.63,1.26,62.72,Boro,0.61
2/22/2020,0.0,23.61,0.8,53.69,Boro,0.61
2/23/2020,0.0,23.61,1.15,60.12,Boro,0.6
2/24/2020,0.02,23.41,1.2,73.27,Boro,0.6
2/25/2020,0.66,22.5,1.53,76.45,Boro,0.59
2/26/2020,8.31,21.05,1.22,76.96,Boro,0.59
2/27/2020,0.28,21.9,1.0,69.43,Boro,0.59
2/28/2020,0.03,22.34,1.24,62.3,Boro,0.59
2/29/2020,0.0,22.68,1.15,59.38,Boro,0.59
3/1/2020,0.0,23.33,1.19,63.1,Aus,0.58
3/2/2020,0.13,24.01,1.21,66.31,Aus,0.58
3/3/2020,4.04,24.11,1.7,72.41,Aus,0.57
3/4/2020,5.88,23.99,1.45,75.53,Aus,0.58
3/5/2020,2.74,23.71,1.28,75.97,Aus,0.58
3/6/2020,2.24,23.73,1.48,72.46,Aus,0.57
3/7/2020,2.8,23.73,1.38,75.29,Aus,0.57
3/8/2020,7.18,24.1,1.57,77.91,Aus,0.57
3/9/2020,0.0,23.62,1.95,63.89,Aus,0.56
3/10/2020,0.0,23.93,1.46,55.56,Aus,0.55
3/11/2020,0.0,24.68,1.07,60.8,Aus,0.55
3/12/2020,0.01,26.49,1.32,66.95,Aus,0.55
3/13/2020,0.0,26.92,1.28,66.1,Aus,0.54
3/14/2020,0.0,25.77,2.51,64.13,Aus,0.53
3/15/2020,0.0,24.73,2.84,62.98,Aus,0.53
3/16/2020,0.0,25.12,1.77,65.85,Aus,0.52
3/17/2020,0.0,26.4,0.84,62.3,Aus,0.52
3/18/2020,0.0,26.62,0.79,60.94,Aus,0.52
3/19/2020,0.01,26.55,1.07,56.62,Aus,0.51
3/20/2020,0.05,26.05,1.91,60.21,Aus,0.51
3/21/2020,0.31,26.52,5.120984723,57.5,Aus,0.5
3/22/2020,7.08,25.28,1.13,66.25,Aus,0.5
3/23/2020,0.49,25.48,1.61,61.53,Aus,0.49
3/24/2020,4.5,25.81,1.55,66.93,Aus,0.49
3/25/2020,3.05,26.91,1.6,65.36,Aus,0.48
3/26/2020,11.1,27.15,1.5,69.73,Aus,0.48
3/27/2020,0.02,28.14,2.03,66.29,Aus,0.48
3/28/2020,0.0,28.71,1.91,65.26,Aus,0.48
3/29/2020,0.0,29.36,1.81,61.65,Aus,0.47
3/30/2020,0.0,28.58,1.98,55.28,Aus,0.47
3/31/2020,0.0,28.67,1.77,56.08,Aus,0.46
4/1/2020,0.0,28.92,1.68,51.15,Aus,0.45
4/2/2020,1.51,29.23,2.51,68.06,Aus,0.45
4/3/2020,7.31,29.39,2.38,69.16,Aus,0.45
4/4/2020,7.97,29.27,1.71,65.04,Aus,0.46
4/5/2020,8.68,28.8,1.74,65.58,Aus,0.47
4/6/2020,4.4,28.6,2.03,66.88,Aus,0.47
4/7/2020,0.79,28.79,2.84,64.84,Aus,0.47
4/8/2020,0.15,28.72,2.68,69.37,Aus,0.47
4/9/2020,0.15,28.64,1.73,66.75,Aus,0.47
4/10/2020,0.03,28.99,1.88,63.25,Aus,0.46
4/11/2020,0.08,29.07,2.04,64.54,Aus,0.46
4/12/2020,0.13,28.73,1.43,59.85,Aus,0.45
4/13/2020,0.19,28.82,1.92,63.34,Aus,0.45
4/14/2020,0.07,29.56,1.89,66.15,Aus,0.45
4/15/2020,0.23,29.88,2.05,64.13,Aus,0.45
4/16/2020,2.24,29.26,2.06,64.32,Aus,0.45
4/17/2020,5.64,29.48,3.8,70.03,Aus,0.45
4/18/2020,32.34,28.55,3.34,77.53,Aus,0.45
4/19/2020,27.6,28.22,2.43,79.65,Aus,0.49
4/20/2020,18.48,27.69,2.18,81.99,Aus,0.54
4/21/2020,14.41,28.33,1.28,73.54,Aus,0.55
4/22/2020,0.81,27.07,1.82,74.89,Aus,0.56
4/23/2020,12.28,27.43,1.44,76.65,Aus,0.55
4/24/2020,29.67,27.08,2.05,80.84,Aus,0.56
4/25/2020,42.96,26.95,1.95,85.02,Aus,0.6
4/26/2020,34.22,26.94,1.33,82.98,Aus,0.64
4/27/2020,22.32,26.42,1.33,82.08,Aus,0.66
4/28/2020,17.52,26.51,1.66,81.85,Aus,0.66
4/29/2020,21.05,26.57,1.88,82.55,Aus,0.67
4/30/2020,12.59,27.06,1.57,81.21,Aus,0.68
5/1/2020,20.2,26.99,1.55,83.58,Aus,0.7
5/2/2020,18.02,27.14,1.78,83.45,Aus,0.7
5/3/2020,24.88,27.17,1.46,82.69,Aus,0.72
5/4/2020,7.77,28.21,4.729006523,80.06,Aus,0.73
5/5/2020,24.25,28.78,1.86,83.24,Aus,0.74
5/6/2020,19.81,28.34,1.33,81.73,Aus,0.75
5/7/2020,6.27,28.59,1.02,76.0,Aus,0.76
5/8/2020,4.8,28.62,1.28,74.0,Aus,0.75
5/9/2020,13.08,29.02,1.11,74.95,Aus,0.74
5/10/2020,2.42,29.62,0.82,72.31,Aus,0.73
5/11/2020,1.12,29.24,1.32,74.48,Aus,0.73
5/12/2020,1.53,28.64,1.59,79.73,Aus,0.72
5/13/2020,0.14,28.87,2.07,78.51,Aus,0.71
5/14/2020,0.98,28.98,2.18,80.33,Aus,0.71
5/15/2020,1.83,29.21,2.32,81.25,Aus,0.7
5/16/2020,2.79,29.48,2.27,80.24,Aus,0.7
5/17/2020,0.77,29.53,1.86,79.37,Aus,0.69
5/18/2020,0.01,29.37,1.89,78.89,Aus,0.68
5/19/2020,16.19,28.48,2.53,82.29,Aus,0.68
5/20/2020,16.0,28.53,9.42,85.29,Aus,0.7
5/21/2020,26.11,28.28,6.01,83.37,Aus,0.73
5/22/2020,17.22,38.69867788,2.81,82.64,Aus,0.77
5/23/2020,10.54,29.05,2.84,85.79,Aus,0.8
5/24/2020,9.58,29.03,,85.56,Aus,0.8
5/25/2020,5.33,28.89,,84.23,Aus,0.79
5/26/2020,55.0,28.44,,85.95,Aus,0.79
5/27/2020,28.0,28.58,4.65,87.21,Aus,0.8
5/28/2020,41.44,28.34,2.7,86.84,Aus,0.85
5/29/2020,17.26,28.22,1.92,84.26,Aus,0.86
5/30/2020,20.81,28.48,2.4,86.16,Aus,0.87
5/31/2020,26.39,28.65,1.59,86.34,Aus,0.88
6/1/2020,4.71,27.99,2.5,88.39,Aus,0.91
6/2/2020,24.47,28.23,2.52,90.05,Aus,0.91
6/3/2020,29.89,28.06,2.49,89.7,Aus,0.91
6/4/2020,34.34,28.45,2.73,88.87,Aus,0.92
6/5/2020,8.06,28.31,2.51,90.03,Aus,0.93
6/6/2020,13.29,28.82,2.27,91.4,Aus,0.93
6/7/2020,14.11,28.57,1.85,89.13,Aus,0.94
6/8/2020,12.67,28.77,1.82,85.58,Aus,0.94
6/9/2020,10.27,29.1,1.63,85.19,Aus,0.94
6/10/2020,9.86,28.54,1.92,89.07,Aus,0.94
6/11/2020,47.45,28.67,3.11,90.2,Aus,0.94
6/12/2020,23.06,28.6,3.58,90.48,Aus,0.95
6/13/2020,24.96,11.53153221,3.3,92.59,Aus,0.95
6/14/2020,17.37,28.74,2.92,90.72,Aus,0.95
6/15/2020,25.31,28.62,2.55,92.39,Aus,0.95
6/16/2020,70.1,28.46,,90.13,Aus,0.95
6/17/2020,2.0,28.21,0.365517574,93.44,Aus,0.96
6/18/2020,53.38,27.88,,93.02,Aus,0.97
6/19/2020,25.84,28.58,3.21,90.77,Aus,0.98
6/20/2020,16.83,28.36,2.93,91.42,Aus,0.98
6/21/2020,11.08,28.31,3.87,89.05,Aus,0.98
6/22/2020,9.8,28.55,1.104032278,89.16,Aus,0.97
6/23/2020,8.47,28.79,3.19,88.01,Aus,0.97
6/24/2020,4.41,29.01,2.66,87.53,Aus,0.96
6/25/2020,5.13,29.04,3.17,87.81,Aus,0.95
6/26/2020,6.52,29.04,3.42,88.93,Aus,0.95
6/27/2020,22.64,28.68,3.28,89.42,Aus,0.95
6/28/2020,17.46,28.41,3.14,85.37,Aus,0.96
6/29/2020,28.0,28.75,2.66,86.27,Aus,0.96
6/30/2020,13.32,28.55,2.81,88.15,Aus,0.95
7/1/2020,4.33,28.8,2.55,86.84,Aman,0.95
7/2/2020,6.6,28.77,2.26,89.64,Aman,0.95
7/3/2020,14.33,28.96,1.87,88.48,Aman,0.95
7/4/2020,24.7,28.53,2.79,91.08,Aman,0.95
7/5/2020,39.25,28.66,,90.88,Aman,0.95
7/6/2020,32.85,28.91,,89.61,Aman,0.95
7/7/2020,53.39,29.01,3.6,89.83,Aman,0.95
7/8/2020,20.9,28.92,3.04,89.0,Aman,0.96
7/9/2020,17.36,28.72,,90.51,Aman,0.97
7/10/2020,23.62,28.97,,91.04,Aman,0.97
7/11/2020,42.91,28.45,,93.27,Aman,0.98
7/12/2020,45.04,28.52,2.96,93.13,Aman,0.98
7/13/2020,27.0,28.2,2.99,90.5,Aman,0.98
7/14/2020,10.33,27.65,3.13,90.29,Aman,0.98
7/15/2020,13.62,28.47,3.21,88.24,Aman,0.98
7/16/2020,5.5,28.65,2.8,86.32,Aman,0.97
7/17/2020,12.66,28.75,2.89,88.06,Aman,0.96
7/18/2020,16.3,28.39,3.07,89.96,Aman,0.96
7/19/2020,17.13,28.64,3.71,87.79,Aman,0.97
7/20/2020,21.22,28.53,,90.33,Aman,0.97
7/21/2020,41.16,28.4,,91.9,Aman,0.97
7/22/2020,46.05,27.7,,92.17,Aman,0.98
7/23/2020,24.7,27.85,3.05,88.95,Aman,0.98
7/24/2020,17.85,28.17,2.82,89.71,Aman,0.98
7/25/2020,2.9,28.45,2.0,86.19,Aman,0.98
7/26/2020,2.21,29.02,2.03,87.09,Aman,0.97
7/27/2020,15.08,29.06,1.78,89.77,Aman,0.96
7/28/2020,24.19,28.86,2.78,88.18,Aman,0.96
7/29/2020,12.82,28.59,2.76,87.86,Aman,0.96
7/30/2020,6.2,29.05,1.91,86.5,Aman,0.95
7/31/2020,9.31,29.09,1.95,86.29,Aman,0.95
8/1/2020,3.29,29.6,1.31,83.66,Aman,0.95
8/2/2020,13.8,29.91,4.745137707,85.03,Aman,0.95
8/3/2020,13.87,29.48,1.34,87.09,Aman,0.95
8/4/2020,50.4,28.63,3.36,92.57,Aman,0.95
8/5/2020,22.62,29.05,,88.62,Aman,0.95
8/6/2020,21.77,28.51,,90.83,Aman,0.95
8/7/2020,12.88,28.68,3.14,89.38,Aman,0.95
8/8/2020,10.27,28.86,2.66,87.09,Aman,0.95
8/9/2020,4.92,28.78,,87.51,Aman,0.94
8/10/2020,8.56,29.05,3.03,88.9,Aman,0.93
8/11/2020,33.1,29.07,3.34,89.31,Aman,0.94
8/12/2020,13.02,36.73768207,3.0,88.55,Aman,0.94
8/13/2020,3.9,29.09,3.53,88.55,Aman,0.93
8/14/2020,9.52,28.87,4.28,88.86,Aman,0.92
8/15/2020,42.63,28.49,,89.74,Aman,0.93
8/16/2020,22.47,28.45,,88.52,Aman,0.95
8/17/2020,34.82,28.29,,89.32,Aman,0.95
8/18/2020,76.4,28.09,,92.7,Aman,0.95
8/19/2020,51.84,27.69,,93.13,Aman,0.96
8/20/2020,36.7,27.65,,92.52,Aman,0.96
8/21/2020,31.11,27.66,,92.18,Aman,0.97
8/22/2020,28.29,27.66,2.75,115.6046227,Aman,0.98
8/23/2020,20.62,27.6,2.17,91.92,Aman,0.98
8/24/2020,26.15,27.97,1.64,88.46,Aman,0.98
8/25/2020,71.02,27.68,3.33,92.89,Aman,0.98
8/26/2020,12.51,27.41,5.98,92.3,Aman,0.97
8/27/2020,14.69,27.57,3.49,91.47,Aman,0.97
8/28/2020,5.55,28.03,3.01,88.83,Aman,0.97
8/29/2020,6.23,28.39,2.59,87.44,Aman,0.96
8/30/2020,1.68,28.68,1.99,87.42,Aman,0.96
8/31/2020,9.07,28.94,1.59,89.78,Aman,0.95
9/1/2020,20.83,28.13,1.74,33.96531063,Aman,0.96
9/2/2020,10.85,28.16,2.25,86.42,Aman,0.95
9/3/2020,11.62,28.62,1.81,85.14,Aman,0.95
9/4/2020,2.37,29.06,1.33,82.53,Aman,0.94
9/5/2020,0.46,28.97,2.06,85.62,Aman,0.93
9/6/2020,2.45,28.79,2.27,86.55,Aman,0.92
9/7/2020,6.56,28.92,1.94,84.06,Aman,0.92
9/8/2020,4.9,28.81,1.81,85.26,Aman,0.91
9/9/2020,7.87,28.81,1.93,86.1,Aman,0.91
9/10/2020,27.16,28.74,2.38,86.87,Aman,0.92
9/11/2020,11.27,28.61,2.05,86.12,Aman,0.93
9/12/2020,9.78,28.91,2.14,86.92,Aman,0.94
9/13/2020,23.02,28.67,2.17,88.66,Aman,0.94
9/14/2020,13.53,28.35,2.18,90.03,Aman,0.95
9/15/2020,17.34,28.56,2.25,88.32,Aman,0.95
9/16/2020,12.45,28.63,2.39,88.16,Aman,0.95
9/17/2020,14.52,28.84,1.61,88.58,Aman,0.95
9/18/2020,3.49,29.51,0.76,81.4,Aman,0.95
9/19/2020,8.8,40.93409562,0.946737757,89.5,Aman,0.95
9/20/2020,49.66,28.9,1.71,90.23,Aman,0.95
9/21/2020,44.73,28.65,,90.43,Aman,0.95
9/22/2020,25.86,28.68,3.87,91.48,Aman,0.95
9/23/2020,46.17,28.48,3.31,91.63,Aman,0.97
9/24/2020,41.95,28.25,3.31,91.91,Aman,0.98
9/25/2020,44.0,28.05,3.37,92.56,Aman,0.98
9/26/2020,40.74,28.01,3.31,92.87,Aman,0.98
9/27/2020,26.55,28.07,2.6,91.0,Aman,0.99
9/28/2020,5.34,28.63,1.1,84.96,Aman,0.99
9/29/2020,2.28,28.57,0.87,84.64,Aman,0.98
9/30/2020,18.07,27.94,1.27,87.79,Aman,0.98
10/1/2020,20.77,27.94,1.9,89.35,Aman,0.98
10/2/2020,9.73,28.03,2.16,89.36,Aman,0.98
10/3/2020,11.6,28.31,1.83,88.2,Aman,0.98
10/4/2020,13.61,28.03,1.76,90.45,Aman,0.97
10/5/2020,31.07,27.75,2.04,89.94,Aman,0.97
10/6/2020,46.16,27.76,1.8,89.69,Aman,0.98
10/7/2020,12.03,27.58,1.51,89.68,Aman,0.98
10/8/2020,3.39,28.91,0.87,84.19,Aman,0.97
10/9/2020,2.17,28.68,1.29,87.93,Aman,0.96
10/10/2020,2.22,28.7,1.08,86.41,Aman,0.95
10/11/2020,3.83,29.09,1.18,34.00973418,Aman,0.95
10/12/2020,3.3,29.24,5.339489516,81.25,Aman,0.95
10/13/2020,12.63,29.05,1.33,84.01,Aman,0.95
10/14/2020,12.98,28.54,1.47,87.21,Aman,0.95
10/15/2020,8.24,28.87,1.15,84.52,Aman,0.95
10/16/2020,2.29,29.17,1.19,81.93,Aman,0.95
10/17/2020,3.88,28.44,1.26,85.71,Aman,0.95
10/18/2020,6.94,28.43,1.04,81.78,Aman,0.95
10/19/2020,5.63,27.99,1.3,84.56,Aman,0.95
10/20/2020,13.32,27.86,1.54,88.71,Aman,0.95
10/21/2020,46.43,27.37,2.76,91.36,Aman,0.95
10/22/2020,34.0,27.13,3.12,91.45,Aman,0.97
10/23/2020,50.0,27.8,4.34,92.6,Aman,0.99
10/24/2020,7.4,27.34,2.38,86.76,Aman,0.99
10/25/2020,5.79,28.09,0.4,77.91,Aman,0.98
10/26/2020,1.36,27.54,1.08,81.4,Aman,0.98
10/27/2020,1.48,26.77,1.75,83.56,Aman,0.98
10/28/2020,0.42,26.24,1.92,83.12,Aman,0.97
10/29/2020,0.52,26.85,1.65,84.38,Aman,0.96
10/30/2020,14.57,27.57,1.67,89.0,Aman,0.96
10/31/2020,60.0,26.86,2.49,93.13,Aman,0.97
11/1/2020,48.55,26.54,1.98,89.95,Boro,0.98
11/2/2020,26.44,11.48351056,1.24,87.64,Boro,0.98
11/3/2020,30.31,27.23,0.79,85.27,Boro,0.98
11/4/2020,17.74,26.48,0.99,82.99,Boro,0.99
11/5/2020,0.14,24.6,1.72,71.32,Boro,0.99
11/6/2020,0.02,22.64,2.15,72.52,Boro,0.98
11/7/2020,0.0,22.42,2.01,76.43,Boro,0.98
11/8/2020,0.0,23.35,1.67,76.9,Boro,0.97
11/9/2020,0.0,24.21,1.71,78.0,Boro,0.96
11/10/2020,0.0,24.69,1.81,81.18,Boro,0.95
11/11/2020,0.0,24.75,1.91,81.74,Boro,0.95
11/12/2020,0.0,24.8,1.5,78.39,Boro,0.95
11/13/2020,0.0,25.28,1.64,83.15,Boro,0.94
11/14/2020,0.0,24.7,1.51295474,84.56,Boro,0.93
11/15/2020,0.0,23.77,1.93,82.98,Boro,0.92
11/16/2020,0.0,24.01,1.38,81.55,Boro,0.91
11/17/2020,0.09,24.11,1.48,79.22,Boro,0.91
11/18/2020,0.23,24.38,1.4,74.25,Boro,0.91
11/19/2020,0.03,24.54,0.673886134,72.65,Boro,0.9
11/20/2020,0.28,25.36,1.301472147,74.18,Boro,0.9
11/21/2020,14.83,25.05,1.02,83.22,Boro,0.89
11/22/2020,11.52,22.52,2.61,81.96,Boro,0.91
11/23/2020,0.07,19.71,2.49,72.97,Boro,0.91
11/24/2020,0.0,19.81,1.84,75.26,Boro,0.9
11/25/2020,0.0,20.86,1.81,84.47,Boro,0.9
11/26/2020,0.0,21.31,1.77,86.43,Boro,0.89
11/27/2020,0.0,21.67,1.97,85.37,Boro,0.89
11/28/2020,0.0,21.44,2.08,87.5,Boro,0.88
11/29/2020,0.0,21.2,2.3,85.64,Boro,0.88
11/30/2020,0.0,20.41,1.93,81.72,Boro,0.88
12/1/2020,0.0,20.73,1.69,81.1,Boro,0.87
12/2/2020,0.0,20.89,1.5,77.86,Boro,0.86
12/3/2020,0.0,21.43,1.16,74.72,Boro,0.86
12/4/2020,0.0,21.08,1.2,71.05,Boro,0.85
12/5/2020,0.0,21.53,1.01,71.04,Boro,0.85
12/6/2020,0.0,21.58,1.15,75.69,Boro,0.84
12/7/2020,0.0,21.08,1.29,78.98,Boro,0.84
12/8/2020,0.01,21.32,1.0,81.01,Boro,0.84
12/9/2020,,20.5,,84.3,Boro,0.84
12/10/2020,0.05,20.08,,82.65,Boro,0.84
12/11/2020,,19.48,,85.07,Boro,0.83
12/12/2020,,19.22,,82.9,Boro,0.83
12/13/2020,1.0,19.93,1.0,82.71,Boro,0.82
12/14/2020,0.05,20.33,,83.59,Boro,0.82
12/15/2020,1.0,20.03,1.0,84.52,Boro,0.81
12/16/2020,,19.8,,82.96,Boro,0.8
12/17/2020,0.05,19.82,,82.95,Boro,0.8
12/18/2020,,18.62,,81.19,Boro,0.8
12/19/2020,,16.27,,75.34,Boro,0.8
12/20/2020,1.0,15.29,1.0,75.73,Boro,0.79
12/21/2020,1.0,16.47,1.0,121.4846808,Boro,0.79
12/22/2020,1.0,17.88,1.0,75.57,Boro,0.78
12/23/2020,0.19,18.02,1.36,78.4,Boro,0.78
12/24/2020,0.0,18.6,1.42,79.22,Boro,0.77
12/25/2020,0.0,18.42,1.74,128.0004348,Boro,0.77
12/26/2020,0.0,17.59,2.22,79.52,Boro,0.77
12/27/2020,0.0,16.86,2.06,73.27,Boro,0.77
12/28/2020,0.0,17.14,1.84,71.91,Boro,0.76
12/29/2020,0.0,17.24,2.02,73.05,Boro,0.76
12/30/2020,0.0,17.39,2.11,79.04,Boro,0.75
12/31/2020,0.0,17.7,2.01,80.92,Boro,0.75
